Learning Day,Tier,Pattern Family,ID,Title,Difficulty,Prerequisite Topics,Pattern / Technique,Companies,Num Companies,Avg Frequency %,Other Methods to Solve,Source
0,Known (review),Array (Sorting/Basic),14,Longest Common Prefix,Easy,String,Horizontal scanning (compare word by word),"Infosys,Google,Microsoft,Amazon",4,75.0,Vertical scanning column by column; Divide and conquer; Binary search on prefix length; Trie,Infosys-tagged
0,Known (review),Array (Sorting/Basic),169,Majority Element,Easy,Array,Boyer-Moore Voting Algorithm,"Infosys,Google,Microsoft,Amazon",4,59.4,Hash map counting each element; Sorting and taking the middle element; Divide and conquer,Infosys-tagged
0,Known (review),Array (Sorting/Basic),1929,Concatenation of Array,Easy,Array,Direct array duplication (concatenate with itself),"Infosys,Google,Microsoft,Amazon",4,43.8,In-place double-length array fill without extra list,Infosys-tagged
0,Known (review),Array (Sorting/Basic),232,Implement Queue using Stacks,Easy,"Stack, Design",Two-stack amortized transfer (in-stack/out-stack),"Infosys,Google,Microsoft,Amazon",4,40.6,Single stack with recursive dequeue; Two stacks transferring on every push (less amortized-efficient),Infosys-tagged
0,Known (review),Array (Sorting/Basic),1431,Kids With the Greatest Number of Candies,Easy,Array,Find max then linear scan comparing each element,"Infosys,Google,Microsoft,Amazon",4,31.2,Brute force compare every pair (unnecessary here since max suffices),Infosys-tagged
0,Known (review),Array (Sorting/Basic),66,Plus One,Easy,"Array, Math",Digit-by-digit carry from the end,"Google,Microsoft,Amazon",3,50.0,Brute-force nested loop O(n^2) as the naive baseline,Cross-company-curated
0,Known (review),Array (Sorting/Basic),485,Max Consecutive Ones,Easy,Array,Single pass counting consecutive ones,"Google,Microsoft,Amazon",3,45.8,Brute-force nested loop O(n^2) as the naive baseline,Cross-company-curated
0,Known (review),Array (Sorting/Basic),796,Rotate String,Easy,String,Concatenate string with itself and check substring,"Google,Microsoft,Amazon",3,41.7,Brute-force nested loop O(n^2) as the naive baseline,Cross-company-curated
0,Known (review),Array (Sorting/Basic),1752,Check if Array Is Sorted and Rotated,Easy,Array,"Count descents, allow at most one rotation point","Google,Microsoft,Amazon",3,41.7,Brute-force nested loop O(n^2) as the naive baseline,Cross-company-curated
0,Known (review),Array (Sorting/Basic),58,Length of Last Word,Easy,String,Scan from the end skipping trailing spaces,"Google,Microsoft,Amazon",3,41.7,Brute-force nested loop O(n^2) as the naive baseline,Cross-company-curated
0,Known (review),Array (Sorting/Basic),448,Find All Numbers Disappeared in an Array,Easy,"Array, Hashing",Cyclic sort / negative-marking trick for O(1) space,"Google,Microsoft,Amazon",3,37.5,Brute-force nested loop O(n^2) as the naive baseline,Cross-company-curated
0,Known (review),Array (Sorting/Basic),2418,Sort the People,Easy,"Array, Sorting","Pair (value,label) and sort by value","Infosys,Google,Amazon",3,33.3,Index-sort with comparator; Build via auxiliary index array then map,Infosys-tagged
0,Known (review),Array (Sorting/Basic),3637,Trionic Array I,Easy,Array,Scan and check strictly-increasing then strictly-decreasing then strictly-increasing segments,"Infosys,Google,Amazon",3,33.3,Brute force try all split points and validate each segment,Infosys-tagged
0,Known (review),Array (Sorting/Basic),228,Summary Ranges,Easy,Array,Single pass grouping consecutive runs,"Google,Microsoft,Amazon",3,33.3,Brute-force nested loop O(n^2) as the naive baseline,Cross-company-curated
0,Known (review),Array (Sorting/Basic),1470,Shuffle the Array,Easy,Array,Direct index remapping,"Google,Microsoft,Amazon",3,33.3,Brute-force nested loop O(n^2) as the naive baseline,Cross-company-curated
0,Known (review),Array (Sorting/Basic),459,Repeated Substring Pattern,Easy,String,KMP failure-function trick (or simple string doubling),"Google,Microsoft,Amazon",3,29.2,Brute-force nested loop O(n^2) as the naive baseline,Cross-company-curated
0,Known (review),Array (Sorting/Basic),1502,Can Make Arithmetic Progression From Sequence,Easy,"Array, Sorting, Math",Sort + check constant difference,"Google,Microsoft,Amazon",3,29.2,Brute-force nested loop O(n^2) as the naive baseline,Cross-company-curated
0,Known (review),Array Simulation / Matrix,867,Transpose Matrix,Easy,"Array, Matrix",Swap row/col indices,"Google,Microsoft,Amazon",3,29.2,Brute-force cell-by-cell check without the simulation shortcut,Cross-company-curated
0,Known (review),Array (Sorting/Basic),3110,Score of a String,Easy,"String, Math",Simple character-value accumulation,"Google,Microsoft,Amazon",3,29.2,Brute-force nested loop O(n^2) as the naive baseline,Cross-company-curated
0,Known (review),Array (Sorting/Basic),1304,Find N Unique Integers Sum up to Zero,Easy,"Math, Array",Symmetric +/- pairs plus a zero if odd n,"Google,Microsoft,Amazon",3,29.2,Brute-force nested loop O(n^2) as the naive baseline,Cross-company-curated
0,Known (review),Array (Sorting/Basic),696,Count Binary Substrings,Easy,"String, Two Pointers","Group consecutive runs, min of adjacent group lengths","Google,Microsoft,Amazon",3,29.2,Brute-force nested loop O(n^2) as the naive baseline,Cross-company-curated
0,Known (review),Array (Sorting/Basic),1672,Richest Customer Wealth,Easy,Array,Max of pairwise sums,"Google,Microsoft,Amazon",3,25.0,Brute-force nested loop O(n^2) as the naive baseline,Cross-company-curated
0,Known (review),Array (Sorting/Basic),56,Merge Intervals,Medium,"Array, Sorting",Sort by start time then merge overlapping ranges,"Infosys,Google,Microsoft,Amazon",4,65.6,Line sweep with start/end events; Union-Find on overlapping intervals,Infosys-tagged
0,Known (review),Array (Sorting/Basic),31,Next Permutation,Medium,Array,"Next Permutation algorithm (find pivot, swap, reverse suffix)","Infosys,Google,Microsoft,Amazon",4,62.5,"Generate all permutations, sort, find next (very inefficient); Library next_permutation",Infosys-tagged
0,Known (review),Array Simulation / Matrix,48,Rotate Image,Medium,"Array, Matrix",Transpose then reverse each row (in-place),"Infosys,Google,Microsoft,Amazon",4,59.4,Layer-by-layer 4-way rotation; Copy into a new matrix (extra space),Infosys-tagged
0,Known (review),Array Simulation / Matrix,54,Spiral Matrix,Medium,"Array, Matrix, Simulation",Boundary simulation (track top/bottom/left/right and shrink),"Infosys,Google,Microsoft,Amazon",4,59.4,Layer-by-layer peeling; Direction-vector simulation with visited matrix; Recursive spiral,Infosys-tagged
0,Known (review),Array (Sorting/Basic),189,Rotate Array,Medium,Array,"Reversal algorithm (reverse whole, then reverse parts)","Infosys,Google,Microsoft,Amazon",4,56.2,Extra array + copy back; Cyclic replacement; Using built-in rotate/deque,Infosys-tagged
0,Known (review),Array (Sorting/Basic),151,Reverse Words in a String,Medium,String,"Split on whitespace, reverse list, join","Infosys,Google,Microsoft,Amazon",4,53.1,In-place reversal: reverse whole string then reverse each word; Stack-based word push/pop,Infosys-tagged
0,Known (review),Array (Sorting/Basic),155,Min Stack,Medium,"Stack, Design",Auxiliary stack tracking running minimum,"Infosys,Google,Microsoft,Amazon",4,53.1,"Single stack storing (value, currentMin) pairs; Store min via delta-encoding trick (O(1) extra space)",Infosys-tagged
0,Known (review),Array Simulation / Matrix,73,Set Matrix Zeroes,Medium,"Array, Matrix",In-place marking using first row/column as flags,"Infosys,Google,Microsoft,Amazon",4,50.0,Extra boolean sets for rows/cols (O(m+n) space); Brute force with a separate copy matrix,Infosys-tagged
0,Known (review),Array Simulation / Matrix,6,Zigzag Conversion,Medium,"String, Simulation",Row-by-row simulation with direction toggling,"Infosys,Google,Microsoft,Amazon",4,46.9,Mathematical index formula per row (no simulation); Build rows as separate strings then concatenate,Infosys-tagged
0,Known (review),Array (Sorting/Basic),912,Sort an Array,Medium,"Sorting, Divide & Conquer",Merge Sort / Quick Sort from scratch,"Infosys,Google,Microsoft,Amazon",4,43.8,Heap Sort; Built-in sort (for comparison); Counting/Radix sort if value range is bounded,Infosys-tagged
0,Known (review),Array (Sorting/Basic),8,String to Integer (atoi),Medium,String,Manual character-by-character parsing with overflow checks,"Infosys,Google,Microsoft,Amazon",4,43.8,State machine (DFA) parsing; Regex-based parsing (less interview-friendly but valid),Infosys-tagged
0,Known (review),Array Simulation / Matrix,840,Magic Squares In Grid,Medium,"Array, Matrix, Simulation",Scan every 3x3 window and validate magic-square rules,"Infosys,Google,Microsoft,Amazon",4,25.0,Brute force check every subgrid explicitly; Quick center=5 pre-check before full validation,Infosys-tagged
0,Known (review),Array Simulation / Matrix,36,Valid Sudoku,Medium,"Array, Matrix, Hashing",Row/col/box hash-set validation,"Google,Microsoft,Amazon",3,54.2,Brute-force cell-by-cell check without the simulation shortcut,Cross-company-curated
0,Known (review),Array (Sorting/Basic),57,Insert Interval,Medium,"Array, Sorting",Linear scan merging the new interval into sorted list,"Google,Microsoft,Amazon",3,41.7,Brute-force nested loop O(n^2) as the naive baseline,Cross-company-curated
0,Known (review),Array (Sorting/Basic),229,Majority Element II,Medium,Array,Extended Boyer-Moore voting for 2 majority candidates,"Google,Microsoft,Amazon",3,37.5,Brute-force nested loop O(n^2) as the naive baseline,Cross-company-curated
0,Known (review),Array Simulation / Matrix,498,Diagonal Traverse,Medium,"Array, Matrix, Simulation",Diagonal-by-diagonal traversal with direction toggling,"Google,Microsoft,Amazon",3,37.5,Brute-force cell-by-cell check without the simulation shortcut,Cross-company-curated
0,Known (review),Array (Sorting/Basic),274,H-Index,Medium,"Array, Sorting, Binary Search",Sort descending + find crossover index,"Google,Microsoft,Amazon",3,37.5,Brute-force nested loop O(n^2) as the naive baseline,Cross-company-curated
0,Known (review),Array Simulation / Matrix,348,Design Tic-Tac-Toe,Medium,"Array, Design, Matrix",Row/col/diagonal counters per player,"Google,Microsoft,Amazon",3,37.5,Brute-force cell-by-cell check without the simulation shortcut,Cross-company-curated
0,Known (review),Array (Sorting/Basic),334,Increasing Triplet Subsequence,Medium,"Array, Greedy","Track two running minimums (smallest, second-smallest)","Google,Microsoft,Amazon",3,33.3,Brute-force nested loop O(n^2) as the naive baseline,Cross-company-curated
0,Known (review),Array (Sorting/Basic),622,Design Circular Queue,Medium,"Array, Design",Circular buffer with head/tail pointers,"Google,Microsoft,Amazon",3,33.3,Brute-force nested loop O(n^2) as the naive baseline,Cross-company-curated
0,Known (review),Array (Sorting/Basic),38,Count and Say,Medium,"String, Simulation",Iteratively build run-length description of previous term,"Google,Microsoft,Amazon",3,33.3,Brute-force nested loop O(n^2) as the naive baseline,Cross-company-curated
0,Known (review),Array (Sorting/Basic),442,Find All Duplicates in an Array,Medium,"Array, Hashing",Cyclic sort / negative-marking trick for O(1) space,"Google,Microsoft,Amazon",3,33.3,Brute-force nested loop O(n^2) as the naive baseline,Cross-company-curated
0,Known (review),Array (Sorting/Basic),362,Design Hit Counter,Medium,"Design, Queue",Circular buffer of timestamps,"Google,Microsoft,Amazon",3,29.2,Brute-force nested loop O(n^2) as the naive baseline,Cross-company-curated
0,Known (review),Array (Sorting/Basic),581,Shortest Unsorted Continuous Subarray,Medium,"Array, Two Pointers, Sorting",Compare sorted copy to find boundary of the unsorted segment,"Google,Microsoft,Amazon",3,29.2,Brute-force nested loop O(n^2) as the naive baseline,Cross-company-curated
0,Known (review),Array (Sorting/Basic),1146,Snapshot Array,Medium,"Design, Binary Search, Hashing",Version-stamped array + binary search per key,"Google,Microsoft,Amazon",3,29.2,Brute-force nested loop O(n^2) as the naive baseline,Cross-company-curated
0,Known (review),Array (Sorting/Basic),1781,Sum of Beauty of All Substrings,Medium,"String, Sliding Window",Nested substring scan tracking char frequencies,"Google,Microsoft,Amazon",3,29.2,Brute-force nested loop O(n^2) as the naive baseline,Cross-company-curated
0,Known (review),Array Simulation / Matrix,289,Game of Life,Medium,"Array, Matrix, Simulation",In-place encode next-state using extra bits,"Google,Microsoft,Amazon",3,29.2,Brute-force cell-by-cell check without the simulation shortcut,Cross-company-curated
0,Known (review),Array Simulation / Matrix,59,Spiral Matrix II,Medium,"Array, Matrix, Simulation",Boundary simulation filling values in spiral order,"Google,Microsoft,Amazon",3,29.2,Brute-force cell-by-cell check without the simulation shortcut,Cross-company-curated
0,Known (review),Array (Sorting/Basic),165,Compare Version Numbers,Medium,String,Split on '.' and compare numeric segments,"Google,Microsoft,Amazon",3,29.2,Brute-force nested loop O(n^2) as the naive baseline,Cross-company-curated
0,Known (review),Array (Sorting/Basic),271,Encode and Decode Strings,Medium,"String, Design",Length-prefix encoding scheme,"Google,Microsoft,Amazon",3,29.2,Brute-force nested loop O(n^2) as the naive baseline,Cross-company-curated
0,Known (review),Array (Sorting/Basic),41,First Missing Positive,Hard,Array,Cyclic sort (place each value at its correct index),"Infosys,Google,Microsoft,Amazon",4,50.0,Hash set + linear scan for missing positive (O(n) extra space); Sorting O(n log n) then scan,Infosys-tagged
0,Known (review),Array Simulation / Matrix,68,Text Justification,Hard,"String, Simulation",Greedy word-packing per line with space distribution,"Google,Microsoft,Amazon",3,41.7,Brute-force cell-by-cell check without the simulation shortcut,Cross-company-curated
0,Known (review),Array (Sorting/Basic),214,Shortest Palindrome,Hard,"String, Two Pointers",KMP failure function on s + reverse(s),"Google,Microsoft,Amazon",3,33.3,Brute-force nested loop O(n^2) as the naive baseline,Cross-company-curated
1,New — to learn,Hashing,1,Two Sum,Easy,"Arrays, Hashing",Hash Map (complement lookup),"Infosys,Google,Microsoft,Amazon",4,100.0,Brute force O(n^2); Two Pointers if array is sorted; Sort + Binary Search,Infosys-tagged
1,New — to learn,Hashing,242,Valid Anagram,Easy,"String, Hashing",Frequency counter (array or hashmap),"Infosys,Google,Microsoft,Amazon",4,59.4,Sort both strings and compare; Two separate hashmaps and compare,Infosys-tagged
1,New — to learn,Hashing,13,Roman to Integer,Easy,"String, Math, Hashing",Left-to-right scan applying subtraction rule,"Infosys,Google,Microsoft,Amazon",4,59.4,Right-to-left scan comparing to previous symbol's value; Hash map lookup table for symbol values,Infosys-tagged
1,New — to learn,Hashing,217,Contains Duplicate,Easy,"Array, Hashing",Hash Set lookup for duplicates,"Infosys,Google,Microsoft,Amazon",4,50.0,Sort then compare adjacent elements; Brute force O(n^2) all pairs,Infosys-tagged
1,New — to learn,Hashing,349,Intersection of Two Arrays,Easy,"Array, Hashing",Hash Set intersection,"Infosys,Google,Microsoft,Amazon",4,46.9,Sort both arrays + two pointers; Brute force nested loop O(n*m),Infosys-tagged
1,New — to learn,Hashing,205,Isomorphic Strings,Easy,"String, Hashing",Two-way character mapping consistency check,"Google,Microsoft,Amazon",3,50.0,Sorting-based comparison; brute-force nested loop O(n^2),Cross-company-curated
1,New — to learn,Hashing,219,Contains Duplicate II,Easy,"Array, Hashing, Sliding Window",HashMap of last-seen index within window k,"Google,Microsoft,Amazon",3,50.0,Sorting-based comparison; brute-force nested loop O(n^2),Cross-company-curated
1,New — to learn,Hashing,202,Happy Number,Easy,"Math, Hashing",Cycle detection on digit-square-sum sequence,"Google,Microsoft,Amazon",3,50.0,Sorting-based comparison; brute-force nested loop O(n^2),Cross-company-curated
1,New — to learn,Hashing,387,First Unique Character in a String,Easy,"String, Hashing",Frequency count then first index with count 1,"Google,Microsoft,Amazon",3,45.8,Sorting-based comparison; brute-force nested loop O(n^2),Cross-company-curated
1,New — to learn,Hashing,383,Ransom Note,Easy,"String, Hashing",Frequency count comparison,"Google,Microsoft,Amazon",3,41.7,Sorting-based comparison; brute-force nested loop O(n^2),Cross-company-curated
1,New — to learn,Hashing,1207,Unique Number of Occurrences,Easy,"Array, Hashing",Frequency count + duplicate-count check via set,"Google,Microsoft,Amazon",3,37.5,Sorting-based comparison; brute-force nested loop O(n^2),Cross-company-curated
1,New — to learn,Hashing,359,Logger Rate Limiter,Easy,"Hashing, Design",HashMap of message→last-seen timestamp,"Google,Microsoft,Amazon",3,33.3,Sorting-based comparison; brute-force nested loop O(n^2),Cross-company-curated
1,New — to learn,Hashing,389,Find the Difference,Easy,"String, Hashing, Bit Manipulation",Frequency count or XOR of both strings,"Google,Microsoft,Amazon",3,29.2,Sorting-based comparison; brute-force nested loop O(n^2),Cross-company-curated
1,New — to learn,Hashing,771,Jewels and Stones,Easy,"Array, Hashing","Hash set of jewel characters, count in stones","Google,Microsoft,Amazon",3,29.2,Sorting-based comparison; brute-force nested loop O(n^2),Cross-company-curated
1,New — to learn,Hashing,706,Design HashMap,Easy,"Hashing, Design",Bucket array with chaining for O(1) average ops,"Google,Microsoft,Amazon",3,29.2,Sorting-based comparison; brute-force nested loop O(n^2),Cross-company-curated
1,New — to learn,Hashing,409,Longest Palindrome,Easy,"String, Hashing",Frequency count parity (even counts + at most one odd),"Google,Microsoft,Amazon",3,29.2,Sorting-based comparison; brute-force nested loop O(n^2),Cross-company-curated
1,New — to learn,Hashing,1512,Number of Good Pairs,Easy,"Array, Hashing","HashMap counting occurrences, combinatorial pair count","Google,Microsoft,Amazon",3,25.0,Sorting-based comparison; brute-force nested loop O(n^2),Cross-company-curated
1,New — to learn,Hashing,3184,Count Pairs That Form a Complete Day I,Easy,"Array, Hashing",Hash map counting occurrences of (24 − h) mod 24,"Infosys,Google",2,25.0,Brute force O(n^2) all pairs; Sort + two pointer,Infosys-tagged
1,New — to learn,Hashing,49,Group Anagrams,Medium,"Array, Hashing, String, Sorting",Hash Map keyed by sorted string / char-count signature,"Infosys,Google,Microsoft,Amazon",4,68.8,"Frequency-count tuple as key (avoids sort, O(n) per word); Trie grouping",Infosys-tagged
1,New — to learn,Hashing,128,Longest Consecutive Sequence,Medium,"Array, Hashing",Hash Set + only start counting at sequence beginnings,"Infosys,Google,Microsoft,Amazon",4,65.6,Sort + linear scan O(n log n); Union-Find grouping consecutive numbers,Infosys-tagged
1,New — to learn,Hashing,146,LRU Cache,Medium,"Hashing, Linked List, Design",HashMap + Doubly Linked List for O(1) get/put with eviction,"Google,Microsoft,Amazon",3,75.0,Sorting-based comparison; brute-force nested loop O(n^2),Cross-company-curated
1,New — to learn,Hashing,380,Insert Delete GetRandom O(1),Medium,"Hashing, Design, Array",HashMap for O(1) lookup + array for O(1) random pick,"Google,Microsoft,Amazon",3,54.2,Sorting-based comparison; brute-force nested loop O(n^2),Cross-company-curated
1,New — to learn,Hashing,981,Time Based Key-Value Store,Medium,"Hashing, Design, Binary Search",HashMap of timestamp lists + binary search per key,"Google,Microsoft,Amazon",3,37.5,Sorting-based comparison; brute-force nested loop O(n^2),Cross-company-curated
1,New — to learn,Hashing,451,Sort Characters By Frequency,Medium,"String, Hashing, Sorting, Heap",Frequency count + sort/bucket by frequency,"Google,Microsoft,Amazon",3,37.5,Sorting-based comparison; brute-force nested loop O(n^2),Cross-company-curated
1,New — to learn,Hashing,1930,Unique Length-3 Palindromic Subsequences,Medium,"String, Hashing",Track first/last occurrence per letter pair,"Google,Microsoft,Amazon",3,29.2,Sorting-based comparison; brute-force nested loop O(n^2),Cross-company-curated
1,New — to learn,Hashing,916,Word Subsets,Medium,"String, Hashing",Frequency-count comparison across word list,"Google,Microsoft,Amazon",3,25.0,Sorting-based comparison; brute-force nested loop O(n^2),Cross-company-curated
1,New — to learn,Hashing,460,LFU Cache,Hard,"Hashing, Design",HashMap + frequency buckets for O(1) LFU eviction,"Google,Microsoft,Amazon",3,50.0,Sorting-based comparison; brute-force nested loop O(n^2),Cross-company-curated
2,New — to learn,Two Pointers,88,Merge Sorted Array,Easy,"Array, Two Pointers",Two pointer merge from the back (avoids overwrite),"Infosys,Google,Microsoft,Amazon",4,68.8,Merge into new array then copy back; Merge then sort O((m+n)log(m+n)),Infosys-tagged
2,New — to learn,Two Pointers,26,Remove Duplicates from Sorted Array,Easy,"Array, Two Pointers","Two Pointer (slow-fast, in-place overwrite)","Infosys,Google,Microsoft,Amazon",4,62.5,"Use a Set + rebuild array (extra space, not in-place)",Infosys-tagged
2,New — to learn,Two Pointers,283,Move Zeroes,Easy,"Array, Two Pointers",Two pointer (slow-fast) in-place swap,"Infosys,Google,Microsoft,Amazon",4,62.5,Copy non-zeros to new array then pad zeros (extra space); Bubble-style shifting (less efficient),Infosys-tagged
2,New — to learn,Two Pointers,125,Valid Palindrome,Easy,"String, Two Pointers",Two pointer with alnum filtering & case-fold,"Infosys,Google,Microsoft,Amazon",4,50.0,Clean string first then compare to its reverse; Recursive comparison,Infosys-tagged
2,New — to learn,Two Pointers,141,Linked List Cycle,Easy,"Linked List, Two Pointers",Floyd's Cycle Detection (slow/fast pointers),"Infosys,Google,Microsoft,Amazon",4,50.0,"Hash set of visited nodes; Node marking/mutation (destructive, not ideal)",Infosys-tagged
2,New — to learn,Two Pointers,234,Palindrome Linked List,Easy,"Linked List, Two Pointers, Stack","Find middle, reverse second half, compare","Infosys,Google,Microsoft,Amazon",4,50.0,Copy values into array/list and check palindrome; Recursive comparison; Push first half to a stack,Infosys-tagged
2,New — to learn,Two Pointers,344,Reverse String,Easy,"Array, Two Pointers",Two pointer swap from both ends,"Infosys,Google,Microsoft,Amazon",4,43.8,Recursion; Explicit stack; Built-in reverse,Infosys-tagged
2,New — to learn,Two Pointers,392,Is Subsequence,Easy,"String, Two Pointers",Two pointer greedy matching,"Infosys,Google,Microsoft,Amazon",4,37.5,"DP (useful when many queries against same s, less needed for single query); Binary search using precomputed char-position lists",Infosys-tagged
2,New — to learn,Two Pointers,977,Squares of a Sorted Array,Easy,"Array, Two Pointers",Two pointer merge from both ends (largest absolute value first),"Infosys,Google,Microsoft,Amazon",4,37.5,Square every element then sort O(n log n); Binary search for the pivot then merge two sorted halves,Infosys-tagged
2,New — to learn,Two Pointers,541,Reverse String II,Easy,"String, Two Pointers",Chunk-wise reversal (reverse first k of every 2k),"Infosys,Google,Microsoft,Amazon",4,28.1,"Iterative index manipulation without slicing; Convert to list, slice-reverse chunks, rejoin",Infosys-tagged
2,New — to learn,Two Pointers,1768,Merge Strings Alternately,Easy,"String, Two Pointers",Two pointers walking both strings simultaneously,"Google,Microsoft,Amazon",3,66.7,Brute-force nested loop O(n^2); hashing where order doesn't matter,Cross-company-curated
2,New — to learn,Two Pointers,27,Remove Element,Easy,"Array, Two Pointers",Two pointer in-place overwrite,"Google,Microsoft,Amazon",3,58.3,Brute-force nested loop O(n^2); hashing where order doesn't matter,Cross-company-curated
2,New — to learn,Two Pointers,345,Reverse Vowels of a String,Easy,"String, Two Pointers",Two pointers swapping vowels inward,"Google,Microsoft,Amazon",3,41.7,Brute-force nested loop O(n^2); hashing where order doesn't matter,Cross-company-curated
2,New — to learn,Two Pointers,680,Valid Palindrome II,Easy,"String, Two Pointers",Two pointer with a single allowed mismatch skip,"Google,Microsoft,Amazon",3,37.5,Brute-force nested loop O(n^2); hashing where order doesn't matter,Cross-company-curated
2,New — to learn,Two Pointers,844,Backspace String Compare,Easy,"String, Two Pointers, Stack","Two pointers from the end, skipping backspaced characters","Google,Microsoft,Amazon",3,29.2,Brute-force nested loop O(n^2); hashing where order doesn't matter,Cross-company-curated
2,New — to learn,Two Pointers,3467,Transform Array by Parity,Easy,"Array, Sorting, Two Pointers",Two-pointer in-place partition by parity,Infosys,1,75.0,Sort using a parity comparator; Counting/bucket by parity then rebuild,Infosys-tagged
2,New — to learn,Two Pointers,15,3Sum,Medium,"Array, Two Pointers, Sorting","Sort + Two Pointer (fix one, converge two)","Infosys,Google,Microsoft,Amazon",4,71.9,Hashing based pair lookup per fixed element; Brute force O(n^3),Infosys-tagged
2,New — to learn,Two Pointers,11,Container With Most Water,Medium,"Array, Two Pointers","Two Pointer (shrink from ends, move shorter side)","Infosys,Google,Microsoft,Amazon",4,68.8,Brute force O(n^2) all pairs,Infosys-tagged
2,New — to learn,Two Pointers,18,4Sum,Medium,"Array, Two Pointers, Sorting",Sort + nested two pointer (generalized k-Sum),"Infosys,Google,Microsoft,Amazon",4,56.2,Hash-map based k-sum reduction; Brute force O(n^4),Infosys-tagged
2,New — to learn,Two Pointers,75,Sort Colors,Medium,"Array, Two Pointers, Sorting",Dutch National Flag algorithm (three-pointer partition),"Infosys,Google,Microsoft,Amazon",4,53.1,Counting sort in two passes (count then overwrite); Built-in sort O(n log n),Infosys-tagged
2,New — to learn,Two Pointers,167,Two Sum II - Input Array Is Sorted,Medium,"Array, Two Pointers",Two pointer converging from both ends (sorted array),"Infosys,Google,Microsoft,Amazon",4,46.9,"Binary search for the complement of each element; Hash map (extra space, doesn't use sorted property)",Infosys-tagged
2,New — to learn,Two Pointers,142,Linked List Cycle II,Medium,"Linked List, Two Pointers",Floyd's Cycle Detection + math to find cycle start,"Infosys,Google,Microsoft,Amazon",4,40.6,Hash set to find first repeated node visited,Infosys-tagged
2,New — to learn,Two Pointers,143,Reorder List,Medium,"Linked List, Two Pointers","Find middle, reverse second half, merge two halves alternately","Infosys,Google,Microsoft,Amazon",4,40.6,Copy nodes into an array/list then rebuild in interleaved order; Stack-based alternate merge,Infosys-tagged
2,New — to learn,Two Pointers,658,Find K Closest Elements,Medium,"Array, Binary Search, Two Pointers",Binary search on the window's starting index,"Infosys,Google,Microsoft,Amazon",4,40.6,"Two pointer shrinking from both ends by comparing distances; Sort by distance to x, take k, then re-sort (less efficient)",Infosys-tagged
2,New — to learn,Two Pointers,328,Odd Even Linked List,Medium,Linked List,"Two pointer partitioning into odd and even chains, then joining","Infosys,Google,Microsoft,Amazon",4,40.6,Extract values into an array and rebuild in odd/even order (extra space),Infosys-tagged
2,New — to learn,Two Pointers,2149,Rearrange Array Elements by Sign,Medium,"Array, Two Pointers",Two pointer separating positive/negative indices then interleaving,"Infosys,Google,Microsoft,Amazon",4,34.4,Two separate arrays for pos/neg then merge alternately; Sorting-based partition (loses order requirement),Infosys-tagged
2,New — to learn,Two Pointers,556,Next Greater Element III,Medium,"Math, String, Two Pointers",Next-permutation logic applied to digits,"Infosys,Google,Microsoft,Amazon",4,28.1,Generate permutations of digits and filter valid ones (too slow); Brute force increment and check,Infosys-tagged
2,New — to learn,Two Pointers,1498,Number of Subsequences That Satisfy the Given Sum Condition,Medium,"Array, Two Pointers, Sorting",Sort + two pointer with power-of-2 counting,"Infosys,Google,Microsoft,Amazon",4,25.0,Precomputed power-of-2 array + binary search per pointer position; Brute force O(n^2) (too slow),Infosys-tagged
2,New — to learn,Two Pointers,532,K-diff Pairs in an Array,Medium,"Array, Hashing, Two Pointers, Sorting",Hash map counting occurrences per value,"Infosys,Google,Microsoft,Amazon",4,21.9,Sort + two pointer scanning for difference k; Brute force O(n^2) all pairs,Infosys-tagged
2,New — to learn,Two Pointers,287,Find the Duplicate Number,Medium,"Array, Two Pointers",Floyd's cycle detection applied to array-as-linked-list,"Google,Microsoft,Amazon",3,50.0,Brute-force nested loop O(n^2); hashing where order doesn't matter,Cross-company-curated
2,New — to learn,Two Pointers,16,3Sum Closest,Medium,"Array, Two Pointers, Sorting",Sort + two pointer tracking closest sum,"Google,Microsoft,Amazon",3,45.8,Brute-force nested loop O(n^2); hashing where order doesn't matter,Cross-company-curated
2,New — to learn,Two Pointers,443,String Compression,Medium,"String, Array, Two Pointers",In-place read/write pointers,"Google,Microsoft,Amazon",3,45.8,Brute-force nested loop O(n^2); hashing where order doesn't matter,Cross-company-curated
2,New — to learn,Two Pointers,80,Remove Duplicates from Sorted Array II,Medium,"Array, Two Pointers",Slow pointer allowing up to 2 duplicates,"Google,Microsoft,Amazon",3,41.7,Brute-force nested loop O(n^2); hashing where order doesn't matter,Cross-company-curated
2,New — to learn,Two Pointers,2337,Move Pieces to Obtain a String,Medium,"String, Two Pointers",Two pointers comparing non-underscore characters,"Google,Microsoft,Amazon",3,29.2,Brute-force nested loop O(n^2); hashing where order doesn't matter,Cross-company-curated
2,New — to learn,Two Pointers,42,Trapping Rain Water,Hard,"Array, Two Pointers, DP, Stack",Two Pointer with running left/right max,"Infosys,Google,Microsoft,Amazon",4,71.9,DP with precomputed leftMax/rightMax arrays; Monotonic stack; Brute force O(n^2),Infosys-tagged
3,New — to learn,Greedy,2259,Remove Digit From Number to Maximize Result,Easy,"String, Greedy",Greedy scan for the first digit smaller than the one after it (remove it),"Infosys,Google,Microsoft,Amazon",4,31.2,Try every single-digit removal and keep the max result (feasible since only one digit removed),Infosys-tagged
3,New — to learn,Greedy,605,Can Place Flowers,Easy,"Array, Greedy",Greedy scan checking empty-neighbor condition,"Google,Microsoft,Amazon",3,37.5,DP formulation (usually slower but always correct); brute-force enumeration,Cross-company-curated
3,New — to learn,Greedy,455,Assign Cookies,Easy,"Array, Greedy, Sorting",Sort both arrays + greedy two-pointer matching,"Google,Microsoft,Amazon",3,37.5,DP formulation (usually slower but always correct); brute-force enumeration,Cross-company-curated
3,New — to learn,Greedy,134,Gas Station,Medium,"Array, Greedy","Greedy single pass (track total & running tank, reset start)","Infosys,Google,Microsoft,Amazon",4,53.1,Brute force try every start O(n^2); Prefix sum based feasibility check,Infosys-tagged
3,New — to learn,Greedy,12,Integer to Roman,Medium,"Math, Greedy","Greedy value-symbol table, largest-first subtraction","Infosys,Google,Microsoft,Amazon",4,46.9,Hardcoded symbol lookup for each digit place; Recursive greedy,Infosys-tagged
3,New — to learn,Greedy,179,Largest Number,Medium,"Array, String, Sorting, Greedy",Custom comparator sort comparing (a+b) vs (b+a),"Infosys,Google,Microsoft,Amazon",4,43.8,Brute force try every permutation and compare (too slow); Sort by digit patterns heuristically (unreliable),Infosys-tagged
3,New — to learn,Greedy,945,Minimum Increment to Make Array Unique,Medium,"Array, Sorting, Greedy",Sort + greedy forward-fill to next free integer,"Infosys,Google,Microsoft,Amazon",4,21.9,Counting/frequency array with offset propagation,Infosys-tagged
3,New — to learn,Greedy,45,Jump Game II,Medium,"Array, Greedy",Greedy max-reach tracking with jump counter,"Google,Microsoft,Amazon",3,54.2,DP formulation (usually slower but always correct); brute-force enumeration,Cross-company-curated
3,New — to learn,Greedy,621,Task Scheduler,Medium,"Array, Greedy, Heap",Greedy scheduling by most-frequent-task-first with cooldown,"Google,Microsoft,Amazon",3,45.8,DP formulation (usually slower but always correct); brute-force enumeration,Cross-company-curated
3,New — to learn,Greedy,1353,Maximum Number of Events That Can Be Attended,Medium,"Array, Greedy, Heap, Sorting","Sort by start + min-heap of end times, greedily attend earliest-ending","Google,Microsoft,Amazon",3,33.3,DP formulation (usually slower but always correct); brute-force enumeration,Cross-company-curated
3,New — to learn,Greedy,435,Non-overlapping Intervals,Medium,"Array, Greedy, Sorting","Sort by end time, greedily keep non-overlapping intervals","Google,Microsoft,Amazon",3,33.3,DP formulation (usually slower but always correct); brute-force enumeration,Cross-company-curated
3,New — to learn,Greedy,670,Maximum Swap,Medium,"Array, Greedy, Math",Greedy: swap the largest later digit into the leftmost improvable position,"Google,Microsoft,Amazon",3,29.2,DP formulation (usually slower but always correct); brute-force enumeration,Cross-company-curated
3,New — to learn,Greedy,2457,Minimum Addition to Make Integer Beautiful,Medium,"Math, Greedy",Greedy digit-sum increment (round up at first non-9 boundary),"Infosys,Amazon",2,43.8,Brute force increment loop (too slow for large n); Digit DP,Infosys-tagged
3,New — to learn,Greedy,1946,Largest Number After Mutating Substring,Medium,"Array, Greedy, String",Greedy single left-to-right scan (increase first non-9 digit),Infosys,1,75.0,Brute force try mutating every substring and compare,Infosys-tagged
3,New — to learn,Greedy,1540,Can Convert String in K Moves,Medium,"String, Greedy, Counting",Greedy shift-count with per-shift slot tracking,Infosys,1,75.0,Hash map counting required shifts per character; Simulation of moves (too slow),Infosys-tagged
3,New — to learn,Greedy,2829,Determine the Minimum Sum of a k-avoiding Array,Medium,"Math, Greedy, Hashing",Greedy: build smallest numbers while avoiding any pair summing to k,Infosys,1,75.0,Set-based simulation checking each candidate; Direct formula reasoning about pairs summing to k,Infosys-tagged
3,New — to learn,Greedy,1798,Maximum Number of Consecutive Values You Can Make,Medium,"Array, Greedy, Sorting",Sort + greedy reachable-range extension,Infosys,1,75.0,DP subset-sum reachability (much slower); BFS over reachable sums,Infosys-tagged
3,New — to learn,Greedy,2834,Find the Minimum Possible Sum of a Beautiful Array,Medium,"Math, Greedy, Hashing",Greedy set-building avoiding any pair summing to target,Infosys,1,75.0,Arithmetic series formula with excluded terms; Simulation using a hash set,Infosys-tagged
3,New — to learn,Greedy,3457,Eat Pizzas!,Medium,"Array, Sorting, Greedy",Sort descending + greedy weighted grouping,Infosys,1,75.0,Priority queue based greedy simulation,Infosys-tagged
3,New — to learn,Greedy,135,Candy,Hard,"Array, Greedy","Two-pass greedy (left-to-right, then right-to-left)","Infosys,Google,Microsoft,Amazon",4,46.9,DP with two directional passes; Single pass O(1) space slope-tracking (advanced greedy),Infosys-tagged
3,New — to learn,Greedy,3666,Minimum Operations to Equalize Binary String,Hard,"String, Greedy, Bit Manipulation",Greedy prefix-flip simulation counting operations,"Infosys,Google,Microsoft,Amazon",4,18.8,"BFS over string states (too slow, for contrast); Difference tracking between adjacent characters",Infosys-tagged
3,New — to learn,Greedy,1526,Minimum Number of Increments on Subarrays to Form a Target Array,Hard,"Array, Greedy, DP",Difference-array style greedy increment counting,"Google,Microsoft,Amazon",3,33.3,DP formulation (usually slower but always correct); brute-force enumeration,Cross-company-curated
3,New — to learn,Greedy,871,Minimum Number of Refueling Stops,Hard,"Array, Greedy, Heap",Greedy: refuel from the largest available station only when stuck,"Google,Microsoft,Amazon",3,29.2,DP formulation (usually slower but always correct); brute-force enumeration,Cross-company-curated
3,New — to learn,Greedy,630,Course Schedule III,Hard,"Array, Greedy, Heap","Greedy + max-heap, swap out the longest course when over deadline",Amazon,1,25.0,DP formulation (usually slower but always correct); brute-force enumeration,Cross-company-curated (supplement)
4,New — to learn,Sliding Window,28,Find the Index of the First Occurrence in a String,Easy,String,Sliding window / direct substring match,"Infosys,Google,Microsoft,Amazon",4,50.0,"Brute force character comparison at each index; KMP algorithm (optimal, avoids re-scanning); Rabin-Karp hashing",Infosys-tagged
4,New — to learn,Sliding Window,643,Maximum Average Subarray I,Easy,"Array, Sliding Window",Fixed-size window sum tracking,"Google,Microsoft,Amazon",3,37.5,Prefix-sum + brute-force window check; nested-loop brute force O(n^2),Cross-company-curated
4,New — to learn,Sliding Window,3,Longest Substring Without Repeating Characters,Medium,"String, Hashing, Sliding Window",Variable-size sliding window,"Infosys,Google,Microsoft,Amazon",4,81.2,Brute force O(n^3); Sliding window with Set; Sliding window with last-seen-index map (optimal),Infosys-tagged
4,New — to learn,Sliding Window,1004,Max Consecutive Ones III,Medium,"Array, Sliding Window",Variable sliding window with a flip budget (k zeros allowed),"Infosys,Google,Microsoft,Amazon",4,50.0,Prefix sum of zeros + binary search; DP tracking flips used,Infosys-tagged
4,New — to learn,Sliding Window,1838,Frequency of the Most Frequent Element,Medium,"Array, Sorting, Sliding Window",Sort + sliding window with an operation budget (prefix-sum feasibility),"Infosys,Google,Microsoft,Amazon",4,40.6,Binary search on window size combined with prefix sum check; DP (too slow for constraints),Infosys-tagged
4,New — to learn,Sliding Window,424,Longest Repeating Character Replacement,Medium,"String, Sliding Window",Window with frequency count + max-freq char tracking,"Google,Microsoft,Amazon",3,54.2,Prefix-sum + brute-force window check; nested-loop brute force O(n^2),Cross-company-curated
4,New — to learn,Sliding Window,567,Permutation in String,Medium,"String, Sliding Window, Hashing",Fixed-size window frequency-count comparison,"Google,Microsoft,Amazon",3,45.8,Prefix-sum + brute-force window check; nested-loop brute force O(n^2),Cross-company-curated
4,New — to learn,Sliding Window,209,Minimum Size Subarray Sum,Medium,"Array, Sliding Window",Variable window shrinking once sum condition met,"Google,Microsoft,Amazon",3,45.8,Prefix-sum + brute-force window check; nested-loop brute force O(n^2),Cross-company-curated
4,New — to learn,Sliding Window,438,Find All Anagrams in a String,Medium,"String, Sliding Window, Hashing",Fixed-size window frequency-count comparison,"Google,Microsoft,Amazon",3,41.7,Prefix-sum + brute-force window check; nested-loop brute force O(n^2),Cross-company-curated
4,New — to learn,Sliding Window,904,Fruit Into Baskets,Medium,"Array, Sliding Window, Hashing",Window allowing at most 2 distinct values,"Google,Microsoft,Amazon",3,41.7,Prefix-sum + brute-force window check; nested-loop brute force O(n^2),Cross-company-curated
4,New — to learn,Sliding Window,1423,Maximum Points You Can Obtain from Cards,Medium,"Array, Sliding Window",Equivalent to finding min-sum window in the middle,"Google,Microsoft,Amazon",3,37.5,Prefix-sum + brute-force window check; nested-loop brute force O(n^2),Cross-company-curated
4,New — to learn,Sliding Window,930,Binary Subarrays With Sum,Medium,"Array, Sliding Window, Prefix Sum",atMost(goal) - atMost(goal-1) window trick,"Google,Microsoft,Amazon",3,33.3,Prefix-sum + brute-force window check; nested-loop brute force O(n^2),Cross-company-curated
4,New — to learn,Sliding Window,1438,Longest Continuous Subarray With Absolute Diff Less Than or Equal to Limit,Medium,"Array, Sliding Window, Stack",Window with two monotonic deques (tracking max and min),"Google,Microsoft,Amazon",3,33.3,Prefix-sum + brute-force window check; nested-loop brute force O(n^2),Cross-company-curated
4,New — to learn,Sliding Window,395,Longest Substring with At Least K Repeating Characters,Medium,"String, Sliding Window, Recursion",Divide-and-conquer splitting on chars below frequency k,"Google,Microsoft,Amazon",3,29.2,Prefix-sum + brute-force window check; nested-loop brute force O(n^2),Cross-company-curated
4,New — to learn,Sliding Window,713,Subarray Product Less Than K,Medium,"Array, Sliding Window",Window shrinking while product ≥ k,"Google,Microsoft,Amazon",3,29.2,Prefix-sum + brute-force window check; nested-loop brute force O(n^2),Cross-company-curated
4,New — to learn,Sliding Window,76,Minimum Window Substring,Hard,"String, Sliding Window, Hashing",Variable-size sliding window with need/have frequency counters,"Infosys,Google,Microsoft,Amazon",4,46.9,Brute force O(n^2) checking every window; Two-pointer with fixed-size frequency array (ASCII),Infosys-tagged
4,New — to learn,Sliding Window,992,Subarrays with K Different Integers,Hard,"Array, Hashing, Sliding Window",atMost(K) − atMost(K−1) sliding window trick,"Infosys,Google,Microsoft,Amazon",4,40.6,Direct sliding window tracking exact distinct count (more complex to get right); Brute force O(n^2),Infosys-tagged
4,New — to learn,Sliding Window,30,Substring with Concatenation of All Words,Hard,"String, Hashing, Sliding Window","Fixed-size sliding window with a word-count hashmap, tried per offset","Infosys,Google,Microsoft,Amazon",4,34.4,Brute force check every start index directly; Sliding window per starting offset (0..wordLen-1) for optimization,Infosys-tagged
4,New — to learn,Sliding Window,239,Sliding Window Maximum,Hard,"Array, Sliding Window, Stack",Monotonic deque maintaining window max,"Google,Microsoft,Amazon",3,54.2,Prefix-sum + brute-force window check; nested-loop brute force O(n^2),Cross-company-curated
6,New — to learn,Prefix Sum,303,Range Sum Query - Immutable,Easy,"Array, Prefix Sum, Design",Precomputed prefix sum array,"Infosys,Google,Microsoft,Amazon",4,37.5,Brute force summing the range on every query; Segment Tree (overkill for immutable array),Infosys-tagged
6,New — to learn,Prefix Sum,1480,Running Sum of 1d Array,Easy,"Array, Prefix Sum",Running cumulative sum,"Google,Microsoft,Amazon",3,41.7,Brute-force recomputation per query O(n) each; Segment Tree/BIT if updates are needed,Cross-company-curated
6,New — to learn,Prefix Sum,724,Find Pivot Index,Easy,"Array, Prefix Sum",Compare left-sum vs right-sum per index,"Google,Microsoft,Amazon",3,29.2,Brute-force recomputation per query O(n) each; Segment Tree/BIT if updates are needed,Cross-company-curated
6,New — to learn,Prefix Sum,560,Subarray Sum Equals K,Medium,"Array, Hashing, Prefix Sum",Prefix Sum + Hash Map of prefix-sum counts,"Infosys,Google,Microsoft,Amazon",4,71.9,Brute force O(n^2) all subarrays; Sliding window (only valid if all numbers are positive),Infosys-tagged
6,New — to learn,Prefix Sum,238,Product of Array Except Self,Medium,"Array, Prefix Sum",Prefix product array * Suffix product array,"Infosys,Google,Microsoft,Amazon",4,56.2,"Division approach (breaks on zeros, must handle separately); Brute force O(n^2)",Infosys-tagged
6,New — to learn,Prefix Sum,525,Contiguous Array,Medium,"Array, Hashing, Prefix Sum","Prefix sum treating 0 as -1, hashmap of first occurrence","Infosys,Google,Microsoft,Amazon",4,34.4,Brute force O(n^2) checking every subarray,Infosys-tagged
6,New — to learn,Prefix Sum,1094,Car Pooling,Medium,"Array, Prefix Sum, Sorting, Simulation",Difference array over the trip timeline,"Infosys,Google,Microsoft,Amazon",4,28.1,Sort start/end events and sweep; Heap tracking active passenger counts by drop-off time,Infosys-tagged
6,New — to learn,Prefix Sum,523,Continuous Subarray Sum,Medium,"Array, Prefix Sum, Hashing",Prefix sum mod k + hashmap of first occurrence,"Google,Microsoft,Amazon",3,29.2,Brute-force recomputation per query O(n) each; Segment Tree/BIT if updates are needed,Cross-company-curated
6,New — to learn,Prefix Sum,974,Subarray Sums Divisible by K,Medium,"Array, Prefix Sum, Hashing",Prefix sum mod k + hashmap of first occurrence,"Google,Microsoft,Amazon",3,29.2,Brute-force recomputation per query O(n) each; Segment Tree/BIT if updates are needed,Cross-company-curated
7,New — to learn,Stack / Monotonic Stack,20,Valid Parentheses,Easy,"Stack, String",Stack push/pop matching,"Infosys,Google,Microsoft,Amazon",4,71.9,"Counter (only works for single bracket type, not general); Repeated string replace (inefficient)",Infosys-tagged
7,New — to learn,Stack / Monotonic Stack,496,Next Greater Element I,Easy,"Array, Stack, Hashing",Monotonic stack + hashmap of next-greater values,"Google,Microsoft,Amazon",3,45.8,Brute-force nested loop O(n^2) instead of the monotonic stack,Cross-company-curated
7,New — to learn,Stack / Monotonic Stack,225,Implement Stack using Queues,Easy,"Stack, Design",Two queues or single queue with rotation,"Google,Microsoft,Amazon",3,37.5,Brute-force nested loop O(n^2) instead of the monotonic stack,Cross-company-curated
7,New — to learn,Stack / Monotonic Stack,1700,Number of Students Unable to Eat Lunch,Easy,"Array, Queue, Simulation",Simulate with counts of circular vs square preference,"Google,Microsoft,Amazon",3,29.2,Brute-force nested loop O(n^2) instead of the monotonic stack,Cross-company-curated
7,New — to learn,Stack / Monotonic Stack,1047,Remove All Adjacent Duplicates In String,Easy,"String, Stack",Stack popping on adjacent duplicate match,"Google,Microsoft,Amazon",3,29.2,Brute-force nested loop O(n^2) instead of the monotonic stack,Cross-company-curated
7,New — to learn,Stack / Monotonic Stack,1021,Remove Outermost Parentheses,Easy,"String, Stack",Depth counter skipping outermost parens,"Google,Microsoft,Amazon",3,29.2,Brute-force nested loop O(n^2) instead of the monotonic stack,Cross-company-curated
7,New — to learn,Stack / Monotonic Stack,1475,Final Prices With a Special Discount in a Shop,Easy,"Array, Stack",Monotonic stack for next-smaller-element discount,"Google,Microsoft,Amazon",3,29.2,Brute-force nested loop O(n^2) instead of the monotonic stack,Cross-company-curated
7,New — to learn,Stack / Monotonic Stack,739,Daily Temperatures,Medium,"Array, Stack",Monotonic Stack (decreasing temperatures),"Infosys,Google,Microsoft,Amazon",4,50.0,Brute force O(n^2) scanning forward from each day; Traverse from the right tracking next greater temperature,Infosys-tagged
7,New — to learn,Stack / Monotonic Stack,150,Evaluate Reverse Polish Notation,Medium,"Stack, Array","Stack-based evaluation (push operands, pop for operators)","Infosys,Google,Microsoft,Amazon",4,40.6,Recursive expression evaluation; Using the input array itself as a stack (in-place),Infosys-tagged
7,New — to learn,Stack / Monotonic Stack,853,Car Fleet,Medium,"Array, Stack, Sorting, Greedy",Sort by position + monotonic stack of arrival times,"Infosys,Google,Microsoft,Amazon",4,31.2,Sort + iterate tracking max time-to-reach so far (no explicit stack); Simulation,Infosys-tagged
7,New — to learn,Stack / Monotonic Stack,1910,Remove All Occurrences of a Substring,Medium,"String, Stack","Stack-based simulation, popping when the pattern completes","Infosys,Google,Microsoft,Amazon",4,28.1,"Repeated find-and-erase substring (less efficient, can be O(n^2)); KMP-assisted removal",Infosys-tagged
7,New — to learn,Stack / Monotonic Stack,394,Decode String,Medium,"String, Stack","Stack of (count, string) for nested decoding","Google,Microsoft,Amazon",3,54.2,Brute-force nested loop O(n^2) instead of the monotonic stack,Cross-company-curated
7,New — to learn,Stack / Monotonic Stack,503,Next Greater Element II,Medium,"Array, Stack",Monotonic stack traversed twice (circular),"Google,Microsoft,Amazon",3,50.0,Brute-force nested loop O(n^2) instead of the monotonic stack,Cross-company-curated
7,New — to learn,Stack / Monotonic Stack,907,Sum of Subarray Minimums,Medium,"Array, Stack","Monotonic stack, contribution of each element as minimum","Google,Microsoft,Amazon",3,45.8,Brute-force nested loop O(n^2) instead of the monotonic stack,Cross-company-curated
7,New — to learn,Stack / Monotonic Stack,901,Online Stock Span,Medium,"Stack, Design","Monotonic stack of (price, span)","Google,Microsoft,Amazon",3,45.8,Brute-force nested loop O(n^2) instead of the monotonic stack,Cross-company-curated
7,New — to learn,Stack / Monotonic Stack,71,Simplify Path,Medium,"String, Stack",Stack processing path segments,"Google,Microsoft,Amazon",3,45.8,Brute-force nested loop O(n^2) instead of the monotonic stack,Cross-company-curated
7,New — to learn,Stack / Monotonic Stack,735,Asteroid Collision,Medium,"Array, Stack",Stack simulating collisions,"Google,Microsoft,Amazon",3,45.8,Brute-force nested loop O(n^2) instead of the monotonic stack,Cross-company-curated
7,New — to learn,Stack / Monotonic Stack,402,Remove K Digits,Medium,"String, Stack, Greedy","Monotonic increasing-digit stack, pop on larger-than-next","Google,Microsoft,Amazon",3,41.7,Brute-force nested loop O(n^2) instead of the monotonic stack,Cross-company-curated
7,New — to learn,Stack / Monotonic Stack,227,Basic Calculator II,Medium,"String, Stack, Math",Stack-based expression evaluation with precedence,"Google,Microsoft,Amazon",3,37.5,Brute-force nested loop O(n^2) instead of the monotonic stack,Cross-company-curated
7,New — to learn,Stack / Monotonic Stack,316,Remove Duplicate Letters,Medium,"String, Stack, Greedy",Monotonic stack keeping smallest valid lexicographic result,"Google,Microsoft,Amazon",3,37.5,Brute-force nested loop O(n^2) instead of the monotonic stack,Cross-company-curated
7,New — to learn,Stack / Monotonic Stack,962,Maximum Width Ramp,Medium,"Array, Stack",Monotonic decreasing stack + scan from the right,"Google,Microsoft,Amazon",3,33.3,Brute-force nested loop O(n^2) instead of the monotonic stack,Cross-company-curated
7,New — to learn,Stack / Monotonic Stack,2104,Sum of Subarray Ranges,Medium,"Array, Stack",Monotonic stack for next-smaller on both sides,"Google,Microsoft,Amazon",3,29.2,Brute-force nested loop O(n^2) instead of the monotonic stack,Cross-company-curated
7,New — to learn,Stack / Monotonic Stack,636,Exclusive Time of Functions,Medium,"Array, Stack, String",Stack tracking function start times and exclusive intervals,"Google,Microsoft,Amazon",3,29.2,Brute-force nested loop O(n^2) instead of the monotonic stack,Cross-company-curated
7,New — to learn,Stack / Monotonic Stack,678,Valid Parenthesis String,Medium,"String, Stack, Greedy, DP",Greedy tracking min/max possible open-count range,"Google,Microsoft,Amazon",3,29.2,Brute-force nested loop O(n^2) instead of the monotonic stack,Cross-company-curated
7,New — to learn,Stack / Monotonic Stack,1124,Longest Well-Performing Interval,Medium,"Array, Hashing, Prefix Sum, Stack",Prefix sum sign-trick + hashmap of first occurrence,Infosys,1,75.0,Monotonic stack on prefix sums; Brute force O(n^2) all subarrays,Infosys-tagged
7,New — to learn,Stack / Monotonic Stack,84,Largest Rectangle in Histogram,Hard,"Array, Stack",Monotonic Stack (increasing heights),"Infosys,Google,Microsoft,Amazon",4,53.1,Divide and conquer (min height splits the histogram); Brute force O(n^2); DP precomputing left/right smaller bounds,Infosys-tagged
7,New — to learn,Stack / Monotonic Stack,32,Longest Valid Parentheses,Hard,"String, Stack, DP",Stack of indices (track last unmatched position),"Infosys,Google,Microsoft,Amazon",4,43.8,DP: length of valid substring ending at i; Two-pass counter scan (left-to-right then right-to-left),Infosys-tagged
7,New — to learn,Stack / Monotonic Stack,224,Basic Calculator,Hard,"String, Stack, Math",Stack-based expression evaluation with sign tracking,"Google,Microsoft,Amazon",3,50.0,Brute-force nested loop O(n^2) instead of the monotonic stack,Cross-company-curated
7,New — to learn,Stack / Monotonic Stack,85,Maximal Rectangle,Hard,"Array, Stack, DP, Matrix",Per-row histogram + largest-rectangle-in-histogram stack,"Google,Microsoft,Amazon",3,45.8,Brute-force nested loop O(n^2) instead of the monotonic stack,Cross-company-curated
7,New — to learn,Stack / Monotonic Stack,1944,Number of Visible People in a Queue,Hard,"Array, Stack",Monotonic decreasing stack counting visible people,"Google,Microsoft,Amazon",3,33.3,Brute-force nested loop O(n^2) instead of the monotonic stack,Cross-company-curated
7,New — to learn,Stack / Monotonic Stack,895,Maximum Frequency Stack,Hard,"Stack, Hashing, Design",Frequency map + a stack-of-stacks grouped by frequency,"Google,Microsoft,Amazon",3,20.8,Brute-force nested loop O(n^2) instead of the monotonic stack,Cross-company-curated (supplement)
8,New — to learn,Binary Search,69,Sqrt(x),Easy,"Math, Binary Search",Binary Search on the answer,"Infosys,Google,Microsoft,Amazon",4,50.0,Newton's Method (fast convergence); Bit-by-bit / built-in floor sqrt,Infosys-tagged
8,New — to learn,Binary Search,704,Binary Search,Easy,"Array, Binary Search",Classic iterative binary search,"Infosys,Google,Microsoft,Amazon",4,46.9,"Recursive binary search; Linear scan O(n) (brute force, for contrast)",Infosys-tagged
8,New — to learn,Binary Search,35,Search Insert Position,Easy,"Array, Binary Search",Classic lower-bound binary search,"Google,Microsoft,Amazon",3,58.3,Linear scan O(n) as the brute-force baseline,Cross-company-curated
8,New — to learn,Binary Search,1539,Kth Missing Positive Number,Easy,"Array, Binary Search",Binary search on missing-count-so-far,"Google,Microsoft,Amazon",3,41.7,Linear scan O(n) as the brute-force baseline,Cross-company-curated
8,New — to learn,Binary Search,278,First Bad Version,Easy,"Array, Binary Search",Binary search on the feasibility check (isBadVersion),"Google,Microsoft,Amazon",3,33.3,Linear scan O(n) as the brute-force baseline,Cross-company-curated
8,New — to learn,Binary Search,33,Search in Rotated Sorted Array,Medium,"Array, Binary Search",Modified binary search (identify which half is sorted),"Infosys,Google,Microsoft,Amazon",4,65.6,"Find pivot index first, then binary search normally; Linear scan O(n) (brute force)",Infosys-tagged
8,New — to learn,Binary Search,162,Find Peak Element,Medium,"Array, Binary Search",Binary search following the upward slope,"Infosys,Google,Microsoft,Amazon",4,59.4,Linear scan O(n); Divide and conquer over the array,Infosys-tagged
8,New — to learn,Binary Search,875,Koko Eating Bananas,Medium,"Array, Binary Search",Binary search on the answer (eating speed) with feasibility check,"Infosys,Google,Microsoft,Amazon",4,59.4,"Linear search over possible speeds (too slow); Ternary-search-like narrowing (not standard, monotonic check preferred)",Infosys-tagged
8,New — to learn,Binary Search,34,Find First and Last Position of Element in Sorted Array,Medium,"Array, Binary Search",Binary search for lower bound and upper bound separately,"Infosys,Google,Microsoft,Amazon",4,50.0,Linear scan O(n); Single binary search then expand outward (less optimal),Infosys-tagged
8,New — to learn,Binary Search,300,Longest Increasing Subsequence,Medium,"Array, DP, Binary Search",Patience sorting with Binary Search (tails array) O(n log n),"Infosys,Google,Microsoft,Amazon",4,50.0,Classic DP O(n^2); Segment tree/BIT optimized DP,Infosys-tagged
8,New — to learn,Binary Search,153,Find Minimum in Rotated Sorted Array,Medium,"Array, Binary Search",Modified binary search comparing mid to right boundary,"Infosys,Google,Microsoft,Amazon",4,43.8,Linear scan O(n); Recursive binary search variant,Infosys-tagged
8,New — to learn,Binary Search,540,Single Element in a Sorted Array,Medium,"Array, Binary Search",Binary search exploiting pair-index parity,"Google,Microsoft,Amazon",3,58.3,Linear scan O(n) as the brute-force baseline,Cross-company-curated
8,New — to learn,Binary Search,74,Search a 2D Matrix,Medium,"Array, Matrix, Binary Search",Treat 2D matrix as flattened sorted 1D array,"Google,Microsoft,Amazon",3,50.0,Linear scan O(n) as the brute-force baseline,Cross-company-curated
8,New — to learn,Binary Search,1011,Capacity To Ship Packages Within D Days,Medium,"Array, Binary Search",Binary search on the answer (max daily load) + feasibility check,"Google,Microsoft,Amazon",3,50.0,Linear scan O(n) as the brute-force baseline,Cross-company-curated
8,New — to learn,Binary Search,852,Peak Index in a Mountain Array,Medium,"Array, Binary Search",Binary search on the slope direction,"Google,Microsoft,Amazon",3,45.8,Linear scan O(n) as the brute-force baseline,Cross-company-curated
8,New — to learn,Binary Search,240,Search a 2D Matrix II,Medium,"Matrix, Two Pointers, Binary Search",Staircase search from top-right corner,"Google,Microsoft,Amazon",3,41.7,Linear scan O(n) as the brute-force baseline,Cross-company-curated
8,New — to learn,Binary Search,1482,Minimum Number of Days to Make m Bouquets,Medium,"Array, Binary Search",Binary search on the answer (days) + feasibility check,"Google,Microsoft,Amazon",3,37.5,Linear scan O(n) as the brute-force baseline,Cross-company-curated
8,New — to learn,Binary Search,81,Search in Rotated Sorted Array II,Medium,"Array, Binary Search",Modified binary search handling duplicate edge case,"Google,Microsoft,Amazon",3,33.3,Linear scan O(n) as the brute-force baseline,Cross-company-curated
8,New — to learn,Binary Search,2226,Maximum Candies Allocated to K Children,Medium,"Array, Binary Search",Binary search on the answer (candies per child) + feasibility check,"Google,Microsoft,Amazon",3,29.2,Linear scan O(n) as the brute-force baseline,Cross-company-curated
8,New — to learn,Binary Search,378,Kth Smallest Element in a Sorted Matrix,Medium,"Matrix, Binary Search, Heap",Binary search on value range + count-less-equal per row,"Google,Microsoft,Amazon",3,29.2,Linear scan O(n) as the brute-force baseline,Cross-company-curated
8,New — to learn,Binary Search,410,Split Array Largest Sum,Hard,"Array, Binary Search, Greedy, DP",Binary search on the answer + greedy partition-count check,"Infosys,Google,Microsoft,Amazon",4,46.9,DP O(n^2*k) over prefix sums and splits (slower); Greedy binary search combined with prefix sums,Infosys-tagged
8,New — to learn,Binary Search,1235,Maximum Profit in Job Scheduling,Hard,"Array, DP, Binary Search, Sorting",Sort by end time + DP with binary search for weighted interval scheduling,"Infosys,Google,Microsoft,Amazon",4,34.4,DP using a TreeMap/ordered map of best profit by time; Segment tree optimized DP over end times,Infosys-tagged
8,New — to learn,Binary Search,4,Median of Two Sorted Arrays,Hard,"Array, Binary Search",Binary search on the partition point across two arrays,"Google,Microsoft,Amazon",3,75.0,Linear scan O(n) as the brute-force baseline,Cross-company-curated
8,New — to learn,Binary Search,2940,Find Building Where Alice and Bob Can Meet,Hard,"Array, Monotonic Stack, Binary Search","Monotonic stack (next greater) + binary search on indices, offline","Infosys,Google,Amazon",3,33.3,Segment tree binary search over max; Sparse table (RMQ) + binary search; Brute force per query O(n*q),Infosys-tagged
8,New — to learn,Binary Search,3661,Maximum Walls Destroyed by Robots,Hard,"Array, Sorting, Greedy, DP, Binary Search",Sort by range + DP with binary search on reachable boundaries,"Infosys,Microsoft,Amazon",3,33.3,Two-pointer greedy variant; Interval scheduling DP,Infosys-tagged
8,New — to learn,Binary Search,3449,Maximize the Minimum Game Score,Hard,"Array, Binary Search, Greedy",Binary search on the answer + greedy feasibility check,"Infosys,Amazon",2,43.8,Greedy simulation without binary search (harder to bound); DP (too slow for constraints),Infosys-tagged
9,New — to learn,Heap / Top-K,703,Kth Largest Element in a Stream,Easy,"Heap, Design",Min-heap of size k maintained across add() calls,"Google,Microsoft,Amazon",3,33.3,Full sort O(n log n) instead of a heap; Quickselect where applicable,Cross-company-curated
9,New — to learn,Heap / Top-K,347,Top K Frequent Elements,Medium,"Array, Hashing, Heap, Sorting",Hash map counts + Min-Heap of size k,"Infosys,Google,Microsoft,Amazon",4,59.4,Bucket sort by frequency O(n) (optimal); Sort all elements by frequency O(n log n),Infosys-tagged
9,New — to learn,Heap / Top-K,215,Kth Largest Element in an Array,Medium,"Array, Heap, Sorting",Min-Heap of size k,"Infosys,Google,Microsoft,Amazon",4,56.2,Full sort O(n log n) then index; Quickselect O(n) average; Max-heap of all elements (less optimal),Infosys-tagged
9,New — to learn,Heap / Top-K,767,Reorganize String,Medium,"String, Heap, Greedy, Sorting",Max-Heap greedy character placement (most frequent first),"Infosys,Google,Microsoft,Amazon",4,46.9,Sort by frequency and fill even indices then odd indices; Bucket arrangement by frequency,Infosys-tagged
9,New — to learn,Heap / Top-K,253,Meeting Rooms II,Medium,"Array, Heap, Sorting",Sort by start time + min-heap of end times (interval scheduling),"Google,Microsoft,Amazon",3,62.5,Full sort O(n log n) instead of a heap; Quickselect where applicable,Cross-company-curated
9,New — to learn,Heap / Top-K,692,Top K Frequent Words,Medium,"Array, Heap, Hashing, Sorting",Frequency count + heap/sort with tie-break on lexicographic order,"Google,Microsoft,Amazon",3,33.3,Full sort O(n log n) instead of a heap; Quickselect where applicable,Cross-company-curated
9,New — to learn,Heap / Top-K,973,K Closest Points to Origin,Medium,"Array, Heap, Sorting",Max-heap of size k by distance (or quickselect),"Google,Microsoft,Amazon",3,33.3,Full sort O(n log n) instead of a heap; Quickselect where applicable,Cross-company-curated
9,New — to learn,Heap / Top-K,355,Design Twitter,Medium,"Hashing, Heap, Design",HashMap of tweets + heap merge of recent per followee,"Google,Microsoft,Amazon",3,29.2,Full sort O(n log n) instead of a heap; Quickselect where applicable,Cross-company-curated
9,New — to learn,Heap / Top-K,373,Find K Pairs with Smallest Sums,Medium,"Array, Heap",Min-heap of candidate index pairs,"Google,Microsoft,Amazon",3,29.2,Full sort O(n log n) instead of a heap; Quickselect where applicable,Cross-company-curated
9,New — to learn,Heap / Top-K,2233,Maximum Product After K Increments,Medium,"Array, Greedy, Heap",Min-Heap greedy (always increment current minimum),"Infosys,Google",2,43.8,"Priority queue simulation; Sort + greedy pointer walk (re-sort each step, less efficient)",Infosys-tagged
9,New — to learn,Heap / Top-K,2163,Minimum Difference in Sums After Removal of Elements,Hard,"Array, Heap, Prefix/Suffix",Prefix min-heap running sum + suffix min-heap running sum,"Infosys,Google,Microsoft,Amazon",4,25.0,Prefix/suffix sorted multiset maintaining smallest n/3 sum; DP (too slow for constraints),Infosys-tagged
9,New — to learn,Heap / Top-K,23,Merge k Sorted Lists,Hard,"Linked List, Heap",Min-heap of list heads (or divide & conquer merge),"Google,Microsoft,Amazon",3,62.5,Full sort O(n log n) instead of a heap; Quickselect where applicable,Cross-company-curated
9,New — to learn,Heap / Top-K,295,Find Median from Data Stream,Hard,"Heap, Design","Two heaps (max-heap low half, min-heap high half)","Google,Microsoft,Amazon",3,58.3,Full sort O(n log n) instead of a heap; Quickselect where applicable,Cross-company-curated
9,New — to learn,Heap / Top-K,218,The Skyline Problem,Hard,"Array, Heap, Sorting",Sweep line with a max-heap of active building heights,"Google,Microsoft,Amazon",3,33.3,Full sort O(n log n) instead of a heap; Quickselect where applicable,Cross-company-curated
9,New — to learn,Heap / Top-K,407,Trapping Rain Water II,Hard,"Heap, Matrix, Graph",Min-heap Dijkstra-style expansion from the border inward,"Google,Microsoft,Amazon",3,33.3,Full sort O(n log n) instead of a heap; Quickselect where applicable,Cross-company-curated
9,New — to learn,Heap / Top-K,632,Smallest Range Covering Elements from K Lists,Hard,"Array, Heap, Sorting",Min-heap across k sorted lists tracking current range,"Google,Microsoft,Amazon",3,29.2,Full sort O(n log n) instead of a heap; Quickselect where applicable,Cross-company-curated
11,New — to learn,Backtracking,22,Generate Parentheses,Medium,"String, Backtracking",Backtracking with open/close bracket counters,"Infosys,Google,Microsoft,Amazon",4,65.6,BFS building strings level by level; DP building valid sets from smaller n,Infosys-tagged
11,New — to learn,Backtracking,78,Subsets,Medium,"Array, Backtracking, Bit Manipulation",Backtracking (include/exclude each element),"Infosys,Google,Microsoft,Amazon",4,53.1,Iterative bitmask enumeration (2^n subsets); Cascading/iterative build-up (add element to all existing subsets),Infosys-tagged
11,New — to learn,Backtracking,46,Permutations,Medium,"Array, Backtracking",Backtracking (swap-based or visited-array),"Infosys,Google,Microsoft,Amazon",4,50.0,Iterative insertion building permutations; Using library permutation generators,Infosys-tagged
11,New — to learn,Backtracking,39,Combination Sum,Medium,"Array, Backtracking",Backtracking / DFS with pruning (reuse allowed),"Infosys,Google,Microsoft,Amazon",4,46.9,DP unbounded knapsack (count/construct combinations); BFS over remaining-target states,Infosys-tagged
11,New — to learn,Backtracking,90,Subsets II,Medium,"Array, Backtracking, Sorting",Backtracking with duplicate-skip at the same recursion level (sort first),"Infosys,Google,Microsoft,Amazon",4,40.6,Bitmask enumeration + set-based dedup; Iterative subset build tracking last duplicate index,Infosys-tagged
11,New — to learn,Backtracking,40,Combination Sum II,Medium,"Array, Backtracking, Sorting",Backtracking with same-level duplicate skipping (sort first),"Infosys,Google,Microsoft,Amazon",4,37.5,Frequency-map based backtracking (count per distinct value); Generate all subsets then dedup (wasteful),Infosys-tagged
11,New — to learn,Backtracking,77,Combinations,Medium,Backtracking,Backtracking with pruning (start index + remaining count),"Infosys,Google,Microsoft,Amazon",4,31.2,Iterative combination generation (next-combination style); Bitmask enumeration (only for small n),Infosys-tagged
11,New — to learn,Backtracking,17,Letter Combinations of a Phone Number,Medium,"String, Backtracking",Backtracking over digit-to-letter mapping,"Google,Microsoft,Amazon",3,62.5,Iterative/bitmask enumeration for small n; brute-force generate-and-filter,Cross-company-curated
11,New — to learn,Backtracking,79,Word Search,Medium,"Array, Backtracking, Matrix",DFS/backtracking over grid cells with visited marking,"Google,Microsoft,Amazon",3,54.2,Iterative/bitmask enumeration for small n; brute-force generate-and-filter,Cross-company-curated
11,New — to learn,Backtracking,131,Palindrome Partitioning,Medium,"String, Backtracking, DP",Backtracking trying every palindromic prefix,"Google,Microsoft,Amazon",3,50.0,Iterative/bitmask enumeration for small n; brute-force generate-and-filter,Cross-company-curated
11,New — to learn,Backtracking,2597,The Number of Beautiful Subsets,Medium,"Array, Backtracking, DP",Backtracking with frequency map / group by value-mod-2 Fibonacci DP,"Infosys,Google,Amazon",3,33.3,DP grouped by remainder classes (values differing by k); Bitmask enumeration (only for tiny n),Infosys-tagged
11,New — to learn,Backtracking,93,Restore IP Addresses,Medium,"String, Backtracking",Backtracking trying every valid 4-segment split,"Google,Microsoft,Amazon",3,33.3,Iterative/bitmask enumeration for small n; brute-force generate-and-filter,Cross-company-curated
11,New — to learn,Backtracking,47,Permutations II,Medium,"Array, Backtracking, Sorting",Backtracking with duplicate-skip (sort first),"Google,Microsoft,Amazon",3,33.3,Iterative/bitmask enumeration for small n; brute-force generate-and-filter,Cross-company-curated
11,New — to learn,Backtracking,51,N-Queens,Hard,Backtracking,Backtracking with column/diagonal conflict sets,"Infosys,Google,Microsoft,Amazon",4,56.2,Bitmask backtracking (faster conflict checks); Brute force permutation check (too slow),Infosys-tagged
11,New — to learn,Backtracking,37,Sudoku Solver,Hard,"Array, Backtracking, Matrix",Backtracking trying digits 1-9 per empty cell,"Google,Microsoft,Amazon",3,50.0,Iterative/bitmask enumeration for small n; brute-force generate-and-filter,Cross-company-curated
11,New — to learn,Backtracking,212,Word Search II,Hard,"Array, Backtracking, Trie, Matrix",Backtracking DFS on grid pruned by a Trie of words,"Google,Microsoft,Amazon",3,45.8,Iterative/bitmask enumeration for small n; brute-force generate-and-filter,Cross-company-curated
11,New — to learn,Backtracking,843,Guess the Word,Hard,"Array, Backtracking, String",Interactive guessing narrowing candidates by match-count,"Google,Microsoft,Amazon",3,29.2,Iterative/bitmask enumeration for small n; brute-force generate-and-filter,Cross-company-curated
13,New — to learn,Dynamic Programming,121,Best Time to Buy and Sell Stock,Easy,"Array, DP",Single pass tracking min price so far,"Infosys,Google,Microsoft,Amazon",4,78.1,Brute force O(n^2) all pairs; DP with state (hold/sold),Infosys-tagged
13,New — to learn,Dynamic Programming,70,Climbing Stairs,Easy,"DP, Math, Recursion",Fibonacci-style bottom-up DP,"Infosys,Google,Microsoft,Amazon",4,62.5,Recursion + memoization; Matrix exponentiation O(log n); Closed-form Binet's formula,Infosys-tagged
13,New — to learn,Dynamic Programming,509,Fibonacci Number,Easy,"DP, Math, Recursion",Bottom-up DP / memoized recursion,"Infosys,Google,Microsoft,Amazon",4,53.1,"Matrix exponentiation O(log n); Closed-form Binet's formula; Naive recursion (exponential, for contrast)",Infosys-tagged
13,New — to learn,Dynamic Programming,118,Pascal's Triangle,Easy,"Array, DP, Math",Build each row from the previous row (DP),"Infosys,Google,Microsoft,Amazon",4,53.1,"Direct combinatorics formula C(row, col) per cell; Recursive row generation",Infosys-tagged
13,New — to learn,Dynamic Programming,746,Min Cost Climbing Stairs,Easy,"Array, DP",1D DP: min cost to reach each step,"Google,Microsoft,Amazon",3,37.5,"Plain recursion without memoization (exponential, for contrast); space-optimized rolling-array DP",Cross-company-curated
13,New — to learn,Dynamic Programming,5,Longest Palindromic Substring,Medium,"String, DP",Expand Around Center,"Infosys,Google,Microsoft,Amazon",4,75.0,DP O(n^2) table; Manacher's Algorithm O(n); Brute force check all substrings,Infosys-tagged
13,New — to learn,Dynamic Programming,53,Maximum Subarray,Medium,"Array, DP",Kadane's Algorithm,"Infosys,Google,Microsoft,Amazon",4,71.9,Divide and Conquer O(n log n); Brute force O(n^2); Prefix sum with min-tracking,Infosys-tagged
13,New — to learn,Dynamic Programming,198,House Robber,Medium,"DP, Array",Linear DP (include/exclude current house),"Infosys,Google,Microsoft,Amazon",4,59.4,Recursion + memoization; Space-optimized DP with two rolling variables,Infosys-tagged
13,New — to learn,Dynamic Programming,322,Coin Change,Medium,"DP, Array",Unbounded Knapsack style DP (min coins to reach amount),"Infosys,Google,Microsoft,Amazon",4,59.4,BFS treating amounts as graph nodes; Recursion + memoization; Greedy (fails for arbitrary coin sets),Infosys-tagged
13,New — to learn,Dynamic Programming,55,Jump Game,Medium,"Array, Greedy, DP",Greedy max-reach tracking,"Infosys,Google,Microsoft,Amazon",4,56.2,DP (forward or backward) O(n^2); BFS treating reachable indices as graph,Infosys-tagged
13,New — to learn,Dynamic Programming,122,Best Time to Buy and Sell Stock II,Medium,"Array, Greedy, DP",Greedy: sum all positive day-to-day differences,"Infosys,Google,Microsoft,Amazon",4,50.0,"DP with hold/not-hold state; Peak-valley detection (buy at valleys, sell at peaks)",Infosys-tagged
13,New — to learn,Dynamic Programming,72,Edit Distance,Medium,"String, DP",2D DP (insert/delete/replace transitions),"Infosys,Google,Microsoft,Amazon",4,46.9,Recursion + memoization; Space-optimized 1D DP,Infosys-tagged
13,New — to learn,Dynamic Programming,213,House Robber II,Medium,"DP, Array","Linear DP applied twice (exclude first, then exclude last house)","Infosys,Google,Microsoft,Amazon",4,40.6,Recursion + memoization; Reduce to two House Robber I subarrays,Infosys-tagged
13,New — to learn,Dynamic Programming,120,Triangle,Medium,"Array, DP",Bottom-up DP from the last row upward,"Infosys,Google,Microsoft,Amazon",4,37.5,Top-down DP with memoization; Space-optimized DP overwriting a single row in place,Infosys-tagged
13,New — to learn,Dynamic Programming,516,Longest Palindromic Subsequence,Medium,"String, DP",Interval DP / LCS of string with its reverse,"Infosys,Google,Microsoft,Amazon",4,31.2,"LCS(s, reverse(s)) reduction; Recursion + memoization directly on interval DP",Infosys-tagged
13,New — to learn,Dynamic Programming,583,Delete Operation for Two Strings,Medium,"String, DP","LCS-based DP (find longest common subsequence, delete the rest)","Infosys,Google,Microsoft,Amazon",4,21.9,Direct edit-distance DP restricted to delete-only operations; Recursion + memoization,Infosys-tagged
13,New — to learn,Dynamic Programming,139,Word Break,Medium,"String, DP",1D DP: dp[i] = can we segment s[:i] into dict words,"Google,Microsoft,Amazon",3,54.2,"Plain recursion without memoization (exponential, for contrast); space-optimized rolling-array DP",Cross-company-curated
13,New — to learn,Dynamic Programming,62,Unique Paths,Medium,"Array, DP",Grid DP counting paths,"Google,Microsoft,Amazon",3,54.2,"Plain recursion without memoization (exponential, for contrast); space-optimized rolling-array DP",Cross-company-curated
13,New — to learn,Dynamic Programming,152,Maximum Product Subarray,Medium,"Array, DP",Track running max & min product (handles negatives),"Google,Microsoft,Amazon",3,50.0,"Plain recursion without memoization (exponential, for contrast); space-optimized rolling-array DP",Cross-company-curated
13,New — to learn,Dynamic Programming,64,Minimum Path Sum,Medium,"Array, DP, Matrix",Grid DP minimizing path sum,"Google,Microsoft,Amazon",3,45.8,"Plain recursion without memoization (exponential, for contrast); space-optimized rolling-array DP",Cross-company-curated
13,New — to learn,Dynamic Programming,416,Partition Equal Subset Sum,Medium,"Array, DP",0/1 Knapsack: can we reach sum = total/2,"Google,Microsoft,Amazon",3,45.8,"Plain recursion without memoization (exponential, for contrast); space-optimized rolling-array DP",Cross-company-curated
13,New — to learn,Dynamic Programming,1143,Longest Common Subsequence,Medium,"String, DP",2D DP table comparing two strings,"Google,Microsoft,Amazon",3,41.7,"Plain recursion without memoization (exponential, for contrast); space-optimized rolling-array DP",Cross-company-curated
13,New — to learn,Dynamic Programming,494,Target Sum,Medium,"Array, DP, Backtracking",Subset-sum DP with +/- sign assignment,"Google,Microsoft,Amazon",3,41.7,"Plain recursion without memoization (exponential, for contrast); space-optimized rolling-array DP",Cross-company-curated
13,New — to learn,Dynamic Programming,221,Maximal Square,Medium,"Array, DP, Matrix",DP tracking largest square ending at each cell,"Google,Microsoft,Amazon",3,41.7,"Plain recursion without memoization (exponential, for contrast); space-optimized rolling-array DP",Cross-company-curated
13,New — to learn,Dynamic Programming,647,Palindromic Substrings,Medium,"String, DP, Two Pointers",Expand-around-center or interval DP,"Google,Microsoft,Amazon",3,37.5,"Plain recursion without memoization (exponential, for contrast); space-optimized rolling-array DP",Cross-company-curated
13,New — to learn,Dynamic Programming,91,Decode Ways,Medium,"String, DP",1D DP counting valid single/double digit decodings,"Google,Microsoft,Amazon",3,37.5,"Plain recursion without memoization (exponential, for contrast); space-optimized rolling-array DP",Cross-company-curated
13,New — to learn,Dynamic Programming,97,Interleaving String,Medium,"String, DP",2D DP: can s1[:i]+s2[:j] interleave to form s3[:i+j],"Google,Microsoft,Amazon",3,33.3,"Plain recursion without memoization (exponential, for contrast); space-optimized rolling-array DP",Cross-company-curated
13,New — to learn,Dynamic Programming,931,Minimum Falling Path Sum,Medium,"Array, DP, Matrix",Grid DP minimizing path sum row by row,"Google,Microsoft,Amazon",3,33.3,"Plain recursion without memoization (exponential, for contrast); space-optimized rolling-array DP",Cross-company-curated
13,New — to learn,Dynamic Programming,63,Unique Paths II,Medium,"Array, DP, Matrix","Grid DP counting paths, skip blocked cells","Google,Microsoft,Amazon",3,33.3,"Plain recursion without memoization (exponential, for contrast); space-optimized rolling-array DP",Cross-company-curated
13,New — to learn,Dynamic Programming,518,Coin Change II,Medium,"Array, DP",Unbounded knapsack counting combinations,"Google,Microsoft,Amazon",3,33.3,"Plain recursion without memoization (exponential, for contrast); space-optimized rolling-array DP",Cross-company-curated
13,New — to learn,Dynamic Programming,279,Perfect Squares,Medium,"Math, DP, Graph",1D DP over perfect-square subtractions (or BFS shortest path),"Google,Microsoft,Amazon",3,33.3,"Plain recursion without memoization (exponential, for contrast); space-optimized rolling-array DP",Cross-company-curated
13,New — to learn,Dynamic Programming,241,Different Ways to Add Parentheses,Medium,"String, DP, Backtracking",Divide & conquer computing results for each operator split,"Google,Microsoft,Amazon",3,29.2,"Plain recursion without memoization (exponential, for contrast); space-optimized rolling-array DP",Cross-company-curated
13,New — to learn,Dynamic Programming,1277,Count Square Submatrices with All Ones,Medium,"Array, DP, Matrix",DP tracking largest all-ones square ending at each cell,"Google,Microsoft,Amazon",3,29.2,"Plain recursion without memoization (exponential, for contrast); space-optimized rolling-array DP",Cross-company-curated
13,New — to learn,Dynamic Programming,368,Largest Divisible Subset,Medium,"Array, DP, Sorting",Sort + DP tracking largest divisible chain ending at i,"Google,Microsoft,Amazon",3,29.2,"Plain recursion without memoization (exponential, for contrast); space-optimized rolling-array DP",Cross-company-curated
13,New — to learn,Dynamic Programming,337,House Robber III,Medium,"Tree, DP, Recursion","Post-order DFS returning (rob-this, skip-this) pair","Google,Microsoft,Amazon",3,29.2,"Plain recursion without memoization (exponential, for contrast); space-optimized rolling-array DP",Cross-company-curated
13,New — to learn,Dynamic Programming,790,Domino and Tromino Tiling,Medium,"Math, DP",1D DP with recurrence over tiling states,"Google,Microsoft,Amazon",3,29.2,"Plain recursion without memoization (exponential, for contrast); space-optimized rolling-array DP",Cross-company-curated
13,New — to learn,Dynamic Programming,673,Number of Longest Increasing Subsequence,Medium,"Array, DP",DP tracking both length and count of LIS ending at i,"Google,Microsoft,Amazon",3,12.5,"Plain recursion without memoization (exponential, for contrast); space-optimized rolling-array DP",Cross-company-curated (supplement)
13,New — to learn,Dynamic Programming,877,Stone Game,Medium,"Array, DP, Game Theory",Interval DP (or a math shortcut: first player always wins here),"Google,Amazon",2,18.8,"Plain recursion without memoization (exponential, for contrast); space-optimized rolling-array DP",Cross-company-curated (supplement)
13,New — to learn,Dynamic Programming,1140,Stone Game II,Medium,"Array, DP, Game Theory","DP over (index, M) tracking optimal pile-taking","Google,Amazon",2,12.5,"Plain recursion without memoization (exponential, for contrast); space-optimized rolling-array DP",Cross-company-curated (supplement)
13,New — to learn,Dynamic Programming,1690,Stone Game VII,Medium,"Array, DP, Game Theory",Interval DP over prefix-sum-derived scores,Google,1,12.5,"Plain recursion without memoization (exponential, for contrast); space-optimized rolling-array DP",Cross-company-curated (supplement)
13,New — to learn,Dynamic Programming,10,Regular Expression Matching,Hard,"String, DP, Recursion",2D DP for pattern matching (handles '.' and '*'),"Infosys,Google,Microsoft,Amazon",4,50.0,"Recursion + memoization (top-down version of the DP); Pure backtracking without memo (exponential, for contrast)",Infosys-tagged
13,New — to learn,Dynamic Programming,44,Wildcard Matching,Hard,"String, DP, Greedy",2D DP for wildcard matching ('?' and '*'),"Infosys,Google,Microsoft,Amazon",4,37.5,"Greedy two-pointer with backtrack pointers on last '*' (optimized, O(1) space); Recursion + memoization",Infosys-tagged
13,New — to learn,Dynamic Programming,3640,Trionic Array II,Hard,"Array, DP, Prefix/Suffix",Prefix (increasing) + suffix (increasing) arrays meeting at a decreasing middle,"Infosys,Google,Microsoft,Amazon",4,31.2,Brute force O(n^2) checking every possible split; Two-pointer boundary expansion,Infosys-tagged
13,New — to learn,Dynamic Programming,2338,Count the Number of Ideal Arrays,Hard,"Math, DP, Combinatorics, Number Theory",Combinatorics (stars and bars) over prime-factor exponent DP,"Infosys,Google,Microsoft,Amazon",4,28.1,DP over divisor chains directly; Sieve-based smallest-prime-factor + combinatorics,Infosys-tagged
13,New — to learn,Dynamic Programming,2463,Minimum Total Distance Traveled,Hard,"Array, Sorting, DP",Sort both arrays + interval DP matching two sequences,"Infosys,Google,Microsoft,Amazon",4,28.1,"Greedy matching (not optimal in general, illustrates why DP needed); DP with memoized recursion",Infosys-tagged
13,New — to learn,Dynamic Programming,140,Word Break II,Hard,"String, DP, Backtracking",Backtracking with memoized partial results,"Google,Microsoft,Amazon",3,37.5,"Plain recursion without memoization (exponential, for contrast); space-optimized rolling-array DP",Cross-company-curated
13,New — to learn,Dynamic Programming,354,Russian Doll Envelopes,Hard,"Array, DP, Binary Search, Sorting",Sort + LIS (patience sorting) on the second dimension,"Google,Microsoft,Amazon",3,37.5,"Plain recursion without memoization (exponential, for contrast); space-optimized rolling-array DP",Cross-company-curated
13,New — to learn,Dynamic Programming,115,Distinct Subsequences,Hard,"String, DP",2D DP counting distinct subsequence matches,"Google,Microsoft,Amazon",3,33.3,"Plain recursion without memoization (exponential, for contrast); space-optimized rolling-array DP",Cross-company-curated
13,New — to learn,Dynamic Programming,1092,Shortest Common Supersequence,Hard,"String, DP",LCS-based DP then reconstruct supersequence from it,"Google,Microsoft,Amazon",3,33.3,"Plain recursion without memoization (exponential, for contrast); space-optimized rolling-array DP",Cross-company-curated
13,New — to learn,Dynamic Programming,312,Burst Balloons,Hard,"Array, DP",Interval DP: last balloon burst in a range,"Google,Microsoft,Amazon",3,33.3,"Plain recursion without memoization (exponential, for contrast); space-optimized rolling-array DP",Cross-company-curated
13,New — to learn,Dynamic Programming,174,Dungeon Game,Hard,"Array, DP, Matrix",Grid DP computed backward from destination,"Google,Microsoft,Amazon",3,33.3,"Plain recursion without memoization (exponential, for contrast); space-optimized rolling-array DP",Cross-company-curated
13,New — to learn,Dynamic Programming,2035,Partition Array Into Two Arrays to Minimize Sum Difference,Hard,"Array, DP, Bitmask",Meet-in-the-middle DP over subset sums,"Google,Microsoft,Amazon",3,29.2,"Plain recursion without memoization (exponential, for contrast); space-optimized rolling-array DP",Cross-company-curated
13,New — to learn,Dynamic Programming,123,Best Time to Buy and Sell Stock III,Hard,"Array, DP","DP with state (transaction number, holding status)","Google,Microsoft,Amazon",3,29.2,"Plain recursion without memoization (exponential, for contrast); space-optimized rolling-array DP",Cross-company-curated
13,New — to learn,Dynamic Programming,132,Palindrome Partitioning II,Hard,"String, DP",1D DP: min cuts using a precomputed is-palindrome table,"Google,Microsoft,Amazon",3,25.0,"Plain recursion without memoization (exponential, for contrast); space-optimized rolling-array DP",Cross-company-curated (supplement)
13,New — to learn,Dynamic Programming,188,Best Time to Buy and Sell Stock IV,Hard,"Array, DP","DP with state (transaction index <=k, holding status)","Google,Microsoft,Amazon",3,25.0,"Plain recursion without memoization (exponential, for contrast); space-optimized rolling-array DP",Cross-company-curated (supplement)
13,New — to learn,Dynamic Programming,1547,Minimum Cost to Cut a Stick,Hard,"Array, DP",Interval DP over sorted cut positions,"Google,Microsoft,Amazon",3,25.0,"Plain recursion without memoization (exponential, for contrast); space-optimized rolling-array DP",Cross-company-curated (supplement)
13,New — to learn,Dynamic Programming,1463,Cherry Pickup II,Hard,"Array, DP, Matrix","3D DP over (row, col1, col2) synchronized descent","Google,Microsoft,Amazon",3,16.7,"Plain recursion without memoization (exponential, for contrast); space-optimized rolling-array DP",Cross-company-curated (supplement)
13,New — to learn,Dynamic Programming,741,Cherry Pickup,Hard,"Array, DP, Matrix",3D DP treating it as two simultaneous start-to-end paths,"Google,Microsoft,Amazon",3,12.5,"Plain recursion without memoization (exponential, for contrast); space-optimized rolling-array DP",Cross-company-curated (supplement)
13,New — to learn,Dynamic Programming,3336,Find the Number of Subsequences With Equal GCD,Hard,"Array, DP, Number Theory, GCD",DP tracking GCD states across two subsequences,"Infosys,Google",2,43.8,Bitmask DP over divisors for small n; Brute force enumeration of subsequence pairs (too slow),Infosys-tagged
13,New — to learn,Dynamic Programming,3671,Sum of Beautiful Subsequences,Hard,"Array, DP, Number Theory",DP grouped by a GCD/divisibility-derived condition,"Infosys,Google",2,37.5,Brute force subset enumeration (too slow); Precompute divisor groups then DP,Infosys-tagged
13,New — to learn,Dynamic Programming,629,K Inverse Pairs Array,Hard,"Array, DP","2D DP over (numbers placed so far, inverse-pair count)","Google,Microsoft",2,12.5,"Plain recursion without memoization (exponential, for contrast); space-optimized rolling-array DP",Cross-company-curated (supplement)
13,New — to learn,Dynamic Programming,2827,Number of Beautiful Integers in the Range,Hard,"Math, Digit DP","Digit DP with state (position, mod k, tight, digit-parity/balance)",Infosys,1,75.0,Brute force iterate every number in range (too slow); Combinatorial counting by digit position,Infosys-tagged
13,New — to learn,Dynamic Programming,1872,Stone Game VIII,Hard,"Array, DP, Prefix Sum, Game Theory",Prefix sum + DP from the end (suffix optimal play),Infosys,1,75.0,Naive minimax DP O(n^2) (times out on large n); Memoized recursion,Infosys-tagged
13,New — to learn,Dynamic Programming,3901,Good Subsequence Queries,Hard,"Array, DP, Number Theory, GCD","DP grouping elements by GCD-derived compatibility, processed per query",Infosys,1,62.5,Brute force enumeration per query (too slow); Precompute GCD-based groups then answer queries directly,Infosys-tagged
13,New — to learn,Dynamic Programming,3539,Find Sum of Array Product of Magical Sequences,Hard,"Math, DP, Bitmask, Combinatorics",Bitmask/digit DP over exponent contributions,Infosys,1,37.5,Brute force enumerate all combinations (too slow); Direct combinatorial counting per bit,Infosys-tagged
13,New — to learn,Dynamic Programming,1406,Stone Game III,Hard,"Array, DP, Game Theory",1D DP over the remaining-pile score difference,Google,1,25.0,"Plain recursion without memoization (exponential, for contrast); space-optimized rolling-array DP",Cross-company-curated (supplement)
13,New — to learn,Dynamic Programming,1563,Stone Game V,Hard,"Array, DP, Game Theory",Interval DP with precomputed prefix sums,Google,1,12.5,"Plain recursion without memoization (exponential, for contrast); space-optimized rolling-array DP",Cross-company-curated (supplement)
18,New — to learn,Linked List,21,Merge Two Sorted Lists,Easy,Linked List,Two-pointer merge (dummy head),"Infosys,Google,Microsoft,Amazon",4,59.4,"Recursive merge; Push into array, sort/merge, rebuild list",Infosys-tagged
18,New — to learn,Linked List,206,Reverse Linked List,Easy,Linked List,Iterative pointer reversal,"Google,Microsoft,Amazon",3,58.3,"Convert to array, solve there, rebuild the list (uses O(n) extra space)",Cross-company-curated
18,New — to learn,Linked List,160,Intersection of Two Linked Lists,Easy,"Linked List, Two Pointers",Two pointers switching heads to equalize length,"Google,Microsoft,Amazon",3,45.8,"Convert to array, solve there, rebuild the list (uses O(n) extra space)",Cross-company-curated
18,New — to learn,Linked List,876,Middle of the Linked List,Easy,"Linked List, Two Pointers",Fast/slow pointer to middle,"Google,Microsoft,Amazon",3,45.8,"Convert to array, solve there, rebuild the list (uses O(n) extra space)",Cross-company-curated
18,New — to learn,Linked List,83,Remove Duplicates from Sorted List,Easy,Linked List,Skip node if value equals next,"Google,Microsoft,Amazon",3,37.5,"Convert to array, solve there, rebuild the list (uses O(n) extra space)",Cross-company-curated
18,New — to learn,Linked List,203,Remove Linked List Elements,Easy,Linked List,Dummy head + skip-matching-value nodes,"Google,Microsoft,Amazon",3,33.3,"Convert to array, solve there, rebuild the list (uses O(n) extra space)",Cross-company-curated
18,New — to learn,Linked List,2,Add Two Numbers,Medium,"Linked List, Math",Simulate addition with carry,"Infosys,Google,Microsoft,Amazon",4,71.9,Convert lists to numbers then rebuild (overflow risk for big nums); Recursive carry propagation,Infosys-tagged
18,New — to learn,Linked List,92,Reverse Linked List II,Medium,Linked List,Iterative sublist reversal with dummy node and pointer relinking,"Infosys,Google,Microsoft,Amazon",4,43.8,"Recursive reversal of the sublist; Extract values to array, reverse segment, rebuild list",Infosys-tagged
18,New — to learn,Linked List,138,Copy List with Random Pointer,Medium,"Linked List, Hashing",HashMap old-node→new-node while cloning,"Google,Microsoft,Amazon",3,58.3,"Convert to array, solve there, rebuild the list (uses O(n) extra space)",Cross-company-curated
18,New — to learn,Linked List,19,Remove Nth Node From End of List,Medium,"Linked List, Two Pointers","Two pointers with n-gap, dummy head","Google,Microsoft,Amazon",3,50.0,"Convert to array, solve there, rebuild the list (uses O(n) extra space)",Cross-company-curated
18,New — to learn,Linked List,61,Rotate List,Medium,Linked List,"Find length, connect as cycle, break at new point","Google,Microsoft,Amazon",3,45.8,"Convert to array, solve there, rebuild the list (uses O(n) extra space)",Cross-company-curated
18,New — to learn,Linked List,24,Swap Nodes in Pairs,Medium,Linked List,Iterative pairwise pointer swap with dummy head,"Google,Microsoft,Amazon",3,41.7,"Convert to array, solve there, rebuild the list (uses O(n) extra space)",Cross-company-curated
18,New — to learn,Linked List,237,Delete Node in a Linked List,Medium,Linked List,"Copy next node's value forward, skip next","Google,Microsoft,Amazon",3,41.7,"Convert to array, solve there, rebuild the list (uses O(n) extra space)",Cross-company-curated
18,New — to learn,Linked List,148,Sort List,Medium,"Linked List, Sorting",Merge sort adapted to linked list (find middle + merge),"Google,Microsoft,Amazon",3,37.5,"Convert to array, solve there, rebuild the list (uses O(n) extra space)",Cross-company-curated
18,New — to learn,Linked List,86,Partition List,Medium,"Linked List, Two Pointers",Two separate chains (less-than / greater-equal) then joined,"Google,Microsoft,Amazon",3,33.3,"Convert to array, solve there, rebuild the list (uses O(n) extra space)",Cross-company-curated
18,New — to learn,Linked List,1721,Swapping Nodes in a Linked List,Medium,"Linked List, Two Pointers","Two passes: forward to kth, then from-end to kth","Google,Microsoft,Amazon",3,25.0,"Convert to array, solve there, rebuild the list (uses O(n) extra space)",Cross-company-curated
18,New — to learn,Linked List,25,Reverse Nodes in k-Group,Hard,Linked List,Iterative group reversal with dummy node,"Infosys,Google,Microsoft,Amazon",4,53.1,Recursive group reversal; Push k nodes to stack and re-link,Infosys-tagged
19,New — to learn,Tree (DFS/BFS),104,Maximum Depth of Binary Tree,Easy,"Tree, DFS/BFS, Recursion",Recursive DFS (post-order max of subtrees + 1),"Infosys,Google,Microsoft,Amazon",4,43.8,Iterative BFS level order counting levels; Iterative DFS using explicit stack,Infosys-tagged
19,New — to learn,Tree (DFS/BFS),101,Symmetric Tree,Easy,"Tree, Recursion",Recursive mirror comparison,"Google,Microsoft,Amazon",3,45.8,Iterative traversal with an explicit stack/queue instead of recursion,Cross-company-curated
19,New — to learn,Tree (DFS/BFS),543,Diameter of Binary Tree,Easy,"Tree, Recursion",Post-order DFS tracking max left+right depth sum,"Google,Microsoft,Amazon",3,45.8,Iterative traversal with an explicit stack/queue instead of recursion,Cross-company-curated
19,New — to learn,Tree (DFS/BFS),100,Same Tree,Easy,"Tree, Recursion",Recursive simultaneous traversal comparison,"Google,Microsoft,Amazon",3,45.8,Iterative traversal with an explicit stack/queue instead of recursion,Cross-company-curated
19,New — to learn,Tree (DFS/BFS),110,Balanced Binary Tree,Easy,"Tree, Recursion","Post-order DFS returning height, -1 signals unbalanced","Google,Microsoft,Amazon",3,41.7,Iterative traversal with an explicit stack/queue instead of recursion,Cross-company-curated
19,New — to learn,Tree (DFS/BFS),94,Binary Tree Inorder Traversal,Easy,"Tree, Stack, Recursion",Iterative stack-based or recursive inorder traversal,"Google,Microsoft,Amazon",3,41.7,Iterative traversal with an explicit stack/queue instead of recursion,Cross-company-curated
19,New — to learn,Tree (DFS/BFS),108,Convert Sorted Array to Binary Search Tree,Easy,"Array, Tree, Binary Search, Recursion",Recursive pick middle element as root,"Google,Microsoft,Amazon",3,37.5,Iterative traversal with an explicit stack/queue instead of recursion,Cross-company-curated
19,New — to learn,Tree (DFS/BFS),226,Invert Binary Tree,Easy,"Tree, Recursion",Recursive swap of left/right children,"Google,Microsoft,Amazon",3,37.5,Iterative traversal with an explicit stack/queue instead of recursion,Cross-company-curated
19,New — to learn,Tree (DFS/BFS),653,Two Sum IV - Input is a BST,Easy,"Tree, BST, Hashing","DFS collecting values into a set, check complement","Google,Microsoft,Amazon",3,33.3,Iterative traversal with an explicit stack/queue instead of recursion,Cross-company-curated
19,New — to learn,Tree (DFS/BFS),112,Path Sum,Easy,"Tree, Recursion","DFS subtracting node value, check leaf remainder","Google,Microsoft,Amazon",3,29.2,Iterative traversal with an explicit stack/queue instead of recursion,Cross-company-curated
19,New — to learn,Tree (DFS/BFS),450,Delete Node in a BST,Medium,"Tree, BST, Recursion",Recursive BST deletion (replace with inorder successor/predecessor),"Infosys,Google,Microsoft,Amazon",4,31.2,Iterative BST deletion with parent tracking; Rebuild via array/inorder traversal (inefficient),Infosys-tagged
19,New — to learn,Tree (DFS/BFS),1376,Time Needed to Inform All Employees,Medium,"Tree, Graph, DFS/BFS",DFS from head computing max path time down the tree,"Infosys,Google,Microsoft,Amazon",4,21.9,BFS level-order accumulating time; Iterative DFS with an explicit stack,Infosys-tagged
19,New — to learn,Tree (DFS/BFS),236,Lowest Common Ancestor of a Binary Tree,Medium,"Tree, Recursion",Recursive DFS returning found-node up the call stack,"Google,Microsoft,Amazon",3,58.3,Iterative traversal with an explicit stack/queue instead of recursion,Cross-company-curated
19,New — to learn,Tree (DFS/BFS),103,Binary Tree Zigzag Level Order Traversal,Medium,"Tree, BFS",BFS level order alternating direction,"Google,Microsoft,Amazon",3,54.2,Iterative traversal with an explicit stack/queue instead of recursion,Cross-company-curated
19,New — to learn,Tree (DFS/BFS),98,Validate Binary Search Tree,Medium,"Tree, BST, Recursion",Inorder DFS with valid-range bounds,"Google,Microsoft,Amazon",3,45.8,Iterative traversal with an explicit stack/queue instead of recursion,Cross-company-curated
19,New — to learn,Tree (DFS/BFS),102,Binary Tree Level Order Traversal,Medium,"Tree, BFS",Standard level-order BFS with queue,"Google,Microsoft,Amazon",3,45.8,Iterative traversal with an explicit stack/queue instead of recursion,Cross-company-curated
19,New — to learn,Tree (DFS/BFS),199,Binary Tree Right Side View,Medium,"Tree, BFS",BFS taking last node per level,"Google,Microsoft,Amazon",3,45.8,Iterative traversal with an explicit stack/queue instead of recursion,Cross-company-curated
19,New — to learn,Tree (DFS/BFS),230,Kth Smallest Element in a BST,Medium,"Tree, BST, Recursion",Inorder DFS counting until kth,"Google,Microsoft,Amazon",3,41.7,Iterative traversal with an explicit stack/queue instead of recursion,Cross-company-curated
19,New — to learn,Tree (DFS/BFS),208,Implement Trie (Prefix Tree),Medium,"Tree, Design, Hashing",Trie node with child-map + end-of-word flag,"Google,Microsoft,Amazon",3,41.7,Iterative traversal with an explicit stack/queue instead of recursion,Cross-company-curated
19,New — to learn,Tree (DFS/BFS),116,Populating Next Right Pointers in Each Node,Medium,"Tree, BFS",BFS or O(1)-space next-pointer traversal per level,"Google,Microsoft,Amazon",3,41.7,Iterative traversal with an explicit stack/queue instead of recursion,Cross-company-curated
19,New — to learn,Tree (DFS/BFS),114,Flatten Binary Tree to Linked List,Medium,"Tree, Recursion","Reverse post-order (right, left, root) rewiring pointers","Google,Microsoft,Amazon",3,41.7,Iterative traversal with an explicit stack/queue instead of recursion,Cross-company-curated
19,New — to learn,Tree (DFS/BFS),105,Construct Binary Tree from Preorder and Inorder Traversal,Medium,"Tree, Recursion, Hashing",Recursive split using preorder root + inorder index map,"Google,Microsoft,Amazon",3,41.7,Iterative traversal with an explicit stack/queue instead of recursion,Cross-company-curated
19,New — to learn,Tree (DFS/BFS),235,Lowest Common Ancestor of a Binary Search Tree,Medium,"Tree, BST, Recursion",Use BST ordering to walk down toward split point,"Google,Microsoft,Amazon",3,41.7,Iterative traversal with an explicit stack/queue instead of recursion,Cross-company-curated
19,New — to learn,Tree (DFS/BFS),99,Recover Binary Search Tree,Medium,"Tree, BST, Recursion",Inorder traversal tracking two swapped nodes,"Google,Microsoft,Amazon",3,37.5,Iterative traversal with an explicit stack/queue instead of recursion,Cross-company-curated
19,New — to learn,Tree (DFS/BFS),662,Maximum Width of Binary Tree,Medium,"Tree, BFS",BFS tracking positional index per node (handles nulls),"Google,Microsoft,Amazon",3,33.3,Iterative traversal with an explicit stack/queue instead of recursion,Cross-company-curated
19,New — to learn,Tree (DFS/BFS),1268,Search Suggestions System,Medium,"Array, Tree, Sorting, Binary Search",Sort + binary search per prefix (or Trie),"Google,Microsoft,Amazon",3,33.3,Iterative traversal with an explicit stack/queue instead of recursion,Cross-company-curated
19,New — to learn,Tree (DFS/BFS),1650,Lowest Common Ancestor of a Binary Tree III,Medium,"Tree, Two Pointers, Hashing",Two-pointer walk up parent chains (like linked-list intersection),"Google,Microsoft,Amazon",3,33.3,Iterative traversal with an explicit stack/queue instead of recursion,Cross-company-curated
19,New — to learn,Tree (DFS/BFS),173,Binary Search Tree Iterator,Medium,"Tree, BST, Stack",Stack-based controlled inorder traversal,"Google,Microsoft,Amazon",3,33.3,Iterative traversal with an explicit stack/queue instead of recursion,Cross-company-curated
19,New — to learn,Tree (DFS/BFS),106,Construct Binary Tree from Inorder and Postorder Traversal,Medium,"Tree, Recursion, Hashing",Recursive split using postorder root + inorder index map,"Google,Microsoft,Amazon",3,29.2,Iterative traversal with an explicit stack/queue instead of recursion,Cross-company-curated
19,New — to learn,Tree (DFS/BFS),211,Design Add and Search Words Data Structure,Medium,"Tree, Design, Backtracking",Trie + DFS/backtracking to handle wildcard search,"Google,Microsoft,Amazon",3,29.2,Iterative traversal with an explicit stack/queue instead of recursion,Cross-company-curated
19,New — to learn,Tree (DFS/BFS),1008,Construct Binary Search Tree from Preorder Traversal,Medium,"Array, Tree, Stack, Recursion",Recursive bounded construction (or stack-based),"Google,Microsoft,Amazon",3,29.2,Iterative traversal with an explicit stack/queue instead of recursion,Cross-company-curated
19,New — to learn,Tree (DFS/BFS),437,Path Sum III,Medium,"Tree, Prefix Sum, Hashing",DFS with running prefix sum + hashmap (like Subarray Sum Equals K on a tree),"Google,Microsoft,Amazon",3,29.2,Iterative traversal with an explicit stack/queue instead of recursion,Cross-company-curated
19,New — to learn,Tree (DFS/BFS),545,Boundary of Binary Tree,Medium,"Tree, DFS",Left boundary + leaves + right boundary traversed separately,"Google,Microsoft,Amazon",3,29.2,Iterative traversal with an explicit stack/queue instead of recursion,Cross-company-curated
19,New — to learn,Tree (DFS/BFS),2445,Number of Nodes With Value One,Medium,"Tree, BFS/DFS",BFS/DFS toggling value parity down the tree,Infosys,1,75.0,Recursive DFS; Iterative level-order BFS with parity tracking,Infosys-tagged
19,New — to learn,Tree (DFS/BFS),2872,Maximum Number of K-Divisible Components,Hard,"Tree, DFS, Greedy","Post-order DFS accumulating subtree sums, cut greedily when divisible","Infosys,Google,Microsoft,Amazon",4,21.9,BFS-based leaf trimming from outside in; Union-Find merging non-cuttable subtrees,Infosys-tagged
19,New — to learn,Tree (DFS/BFS),124,Binary Tree Maximum Path Sum,Hard,"Tree, Recursion",Post-order DFS tracking max path through each node,"Google,Microsoft,Amazon",3,54.2,Iterative traversal with an explicit stack/queue instead of recursion,Cross-company-curated
19,New — to learn,Tree (DFS/BFS),297,Serialize and Deserialize Binary Tree,Hard,"Tree, DFS, String",Preorder DFS serialize + recursive deserialize,"Google,Microsoft,Amazon",3,54.2,Iterative traversal with an explicit stack/queue instead of recursion,Cross-company-curated
19,New — to learn,Tree (DFS/BFS),987,Vertical Order Traversal of a Binary Tree,Hard,"Tree, DFS, Sorting","DFS tracking (col,row,val) then sort","Google,Microsoft,Amazon",3,41.7,Iterative traversal with an explicit stack/queue instead of recursion,Cross-company-curated
19,New — to learn,Tree (DFS/BFS),642,Design Search Autocomplete System,Hard,"Tree, Design, Heap",Trie + heap for top-3 sentence completion,"Google,Microsoft,Amazon",3,29.2,Iterative traversal with an explicit stack/queue instead of recursion,Cross-company-curated
19,New — to learn,Tree (DFS/BFS),588,Design In-Memory File System,Hard,"Design, Tree, Hashing",Trie-like nested hashmap representing directory structure,"Google,Microsoft,Amazon",3,25.0,Iterative traversal with an explicit stack/queue instead of recursion,Cross-company-curated
19,New — to learn,Tree (DFS/BFS),3165,Maximum Sum of Subsequence With Non-adjacent Elements,Hard,"Array, DP, Segment Tree",Segment tree storing 4-state merge DP (take/skip at boundaries),"Infosys,Google",2,43.8,Divide & conquer with merged states; Offline processing with balanced BST (less common),Infosys-tagged
19,New — to learn,Tree (DFS/BFS),3575,Maximum Good Subtree Score,Hard,"Tree, DFS, DP, Bitmask",Tree DP combined with subset-sum/bitmask over digit values,Infosys,1,75.0,DFS with knapsack-style subset accumulation per node; Brute force enumeration of subtree subsets,Infosys-tagged
20,New — to learn,Graph / Union-Find / Grid,733,Flood Fill,Easy,"Graph, DFS/BFS, Matrix",DFS/BFS flood fill recoloring connected region,"Google,Microsoft,Amazon",3,37.5,DFS in place of BFS (or vice versa); Union-Find where only connectivity matters,Cross-company-curated
20,New — to learn,Graph / Union-Find / Grid,200,Number of Islands,Medium,"Graph, Grid, DFS/BFS, Union-Find",Flood fill via DFS on grid,"Infosys,Google,Microsoft,Amazon",4,68.8,BFS flood fill; Union-Find (DSU) merging adjacent land cells; Iterative DFS with explicit stack,Infosys-tagged
20,New — to learn,Graph / Union-Find / Grid,994,Rotting Oranges,Medium,"Grid, BFS, Matrix",Multi-source BFS (start from all rotten oranges at once),"Infosys,Google,Microsoft,Amazon",4,59.4,DFS with time tracking (harder to get minimal time correct); Repeated full-grid simulation passes,Infosys-tagged
20,New — to learn,Graph / Union-Find / Grid,841,Keys and Rooms,Medium,"Graph, DFS/BFS",Graph traversal (DFS) checking full reachability from room 0,"Infosys,Google,Microsoft,Amazon",4,31.2,BFS traversal; Union-Find merging reachable rooms,Infosys-tagged
20,New — to learn,Graph / Union-Find / Grid,207,Course Schedule,Medium,"Graph, Topological Sort",BFS/DFS topological sort (cycle detection),"Google,Microsoft,Amazon",3,58.3,DFS in place of BFS (or vice versa); Union-Find where only connectivity matters,Cross-company-curated
20,New — to learn,Graph / Union-Find / Grid,210,Course Schedule II,Medium,"Graph, Topological Sort","BFS/DFS topological sort, return order","Google,Microsoft,Amazon",3,50.0,DFS in place of BFS (or vice versa); Union-Find where only connectivity matters,Cross-company-curated
20,New — to learn,Graph / Union-Find / Grid,863,All Nodes Distance K in Binary Tree,Medium,"Tree, Graph, BFS",Convert tree to graph (parent pointers) then BFS from target,"Google,Microsoft,Amazon",3,45.8,DFS in place of BFS (or vice versa); Union-Find where only connectivity matters,Cross-company-curated
20,New — to learn,Graph / Union-Find / Grid,547,Number of Provinces,Medium,"Graph, Union-Find, DFS",Union-Find or DFS over adjacency matrix,"Google,Microsoft,Amazon",3,41.7,DFS in place of BFS (or vice versa); Union-Find where only connectivity matters,Cross-company-curated
20,New — to learn,Graph / Union-Find / Grid,399,Evaluate Division,Medium,"Graph, DFS, Math","Build weighted graph from equations, DFS/Union-Find with ratios","Google,Microsoft,Amazon",3,37.5,DFS in place of BFS (or vice versa); Union-Find where only connectivity matters,Cross-company-curated
20,New — to learn,Graph / Union-Find / Grid,130,Surrounded Regions,Medium,"Graph, DFS/BFS, Matrix","DFS/BFS from border 'O's, flip the rest","Google,Microsoft,Amazon",3,37.5,DFS in place of BFS (or vice versa); Union-Find where only connectivity matters,Cross-company-curated
20,New — to learn,Graph / Union-Find / Grid,695,Max Area of Island,Medium,"Graph, DFS/BFS, Matrix",DFS/BFS flood fill counting island size,"Google,Microsoft,Amazon",3,37.5,DFS in place of BFS (or vice versa); Union-Find where only connectivity matters,Cross-company-curated
20,New — to learn,Graph / Union-Find / Grid,721,Accounts Merge,Medium,"Graph, Union-Find, Hashing",Union-Find merging accounts sharing an email,"Google,Microsoft,Amazon",3,37.5,DFS in place of BFS (or vice versa); Union-Find where only connectivity matters,Cross-company-curated
20,New — to learn,Graph / Union-Find / Grid,133,Clone Graph,Medium,"Graph, DFS/BFS, Hashing",DFS/BFS with hashmap of original→cloned node,"Google,Microsoft,Amazon",3,33.3,DFS in place of BFS (or vice versa); Union-Find where only connectivity matters,Cross-company-curated
20,New — to learn,Graph / Union-Find / Grid,787,Cheapest Flights Within K Stops,Medium,"Graph, BFS, DP",Bellman-Ford (relax edges k+1 times) or BFS with stop constraint,"Google,Microsoft,Amazon",3,33.3,DFS in place of BFS (or vice versa); Union-Find where only connectivity matters,Cross-company-curated
20,New — to learn,Graph / Union-Find / Grid,417,Pacific Atlantic Water Flow,Medium,"Graph, DFS/BFS, Matrix","DFS/BFS from both ocean borders, intersect reachable sets","Google,Microsoft,Amazon",3,33.3,DFS in place of BFS (or vice versa); Union-Find where only connectivity matters,Cross-company-curated
20,New — to learn,Graph / Union-Find / Grid,542,01 Matrix,Medium,"Graph, Matrix, BFS",Multi-source BFS from all zero cells,"Google,Microsoft,Amazon",3,33.3,DFS in place of BFS (or vice versa); Union-Find where only connectivity matters,Cross-company-curated
20,New — to learn,Graph / Union-Find / Grid,1091,Shortest Path in Binary Matrix,Medium,"Graph, BFS, Matrix",BFS shortest path on grid (8-directional),"Google,Microsoft,Amazon",3,33.3,DFS in place of BFS (or vice versa); Union-Find where only connectivity matters,Cross-company-curated
20,New — to learn,Graph / Union-Find / Grid,802,Find Eventual Safe States,Medium,"Graph, DFS",DFS cycle detection via 3-color node states,"Google,Microsoft,Amazon",3,33.3,DFS in place of BFS (or vice versa); Union-Find where only connectivity matters,Cross-company-curated
20,New — to learn,Graph / Union-Find / Grid,1631,Path With Minimum Effort,Medium,"Graph, Binary Search, Union-Find, Matrix",Binary search on the answer + BFS/Union-Find feasibility check,"Google,Microsoft,Amazon",3,29.2,DFS in place of BFS (or vice versa); Union-Find where only connectivity matters,Cross-company-curated
20,New — to learn,Graph / Union-Find / Grid,909,Snakes and Ladders,Medium,"Graph, BFS, Matrix",BFS over board squares with snake/ladder jumps as edges,"Google,Microsoft,Amazon",3,29.2,DFS in place of BFS (or vice versa); Union-Find where only connectivity matters,Cross-company-curated
20,New — to learn,Graph / Union-Find / Grid,743,Network Delay Time,Medium,"Graph, Heap",Dijkstra's shortest path from source,"Google,Microsoft,Amazon",3,29.2,DFS in place of BFS (or vice versa); Union-Find where only connectivity matters,Cross-company-curated
20,New — to learn,Graph / Union-Find / Grid,785,Is Graph Bipartite?,Medium,"Graph, BFS/DFS","BFS/DFS 2-coloring, conflict means not bipartite","Google,Microsoft,Amazon",3,29.2,DFS in place of BFS (or vice versa); Union-Find where only connectivity matters,Cross-company-curated
20,New — to learn,Graph / Union-Find / Grid,1466,Reorder Routes to Make All Paths Lead to the City Zero,Medium,"Graph, DFS",DFS counting edges pointing away from root,"Google,Microsoft,Amazon",3,29.2,DFS in place of BFS (or vice versa); Union-Find where only connectivity matters,Cross-company-curated
20,New — to learn,Graph / Union-Find / Grid,684,Redundant Connection,Medium,"Graph, Union-Find","Union-Find, first edge that connects an already-connected pair","Google,Microsoft,Amazon",3,29.2,DFS in place of BFS (or vice versa); Union-Find where only connectivity matters,Cross-company-curated
20,New — to learn,Graph / Union-Find / Grid,934,Shortest Bridge,Medium,"Graph, DFS/BFS, Matrix","DFS to find first island, multi-source BFS to reach the second","Google,Microsoft,Amazon",3,25.0,DFS in place of BFS (or vice versa); Union-Find where only connectivity matters,Cross-company-curated
20,New — to learn,Graph / Union-Find / Grid,947,Most Stones Removed with Same Row or Column,Medium,"Graph, Union-Find","Union-Find by row/col index, components minus stones removable","Google,Microsoft,Amazon",3,25.0,DFS in place of BFS (or vice versa); Union-Find where only connectivity matters,Cross-company-curated
20,New — to learn,Graph / Union-Find / Grid,261,Graph Valid Tree,Medium,"Graph, Union-Find",Union-Find: exactly n-1 edges and no cycle means it's a valid tree,"Google,Microsoft,Amazon",3,25.0,DFS in place of BFS (or vice versa); Union-Find where only connectivity matters,Cross-company-curated (supplement)
20,New — to learn,Graph / Union-Find / Grid,310,Minimum Height Trees,Medium,"Graph, BFS",Topological 'peel the leaves' BFS from all leaves inward,"Google,Microsoft,Amazon",3,20.8,DFS in place of BFS (or vice versa); Union-Find where only connectivity matters,Cross-company-curated (supplement)
20,New — to learn,Graph / Union-Find / Grid,1334,Find the City With the Smallest Number of Neighbors at a Threshold Distance,Medium,Graph,Floyd-Warshall all-pairs shortest path,"Google,Microsoft,Amazon",3,20.8,DFS in place of BFS (or vice versa); Union-Find where only connectivity matters,Cross-company-curated (supplement)
20,New — to learn,Graph / Union-Find / Grid,1514,Path with Maximum Probability,Medium,"Graph, Heap",Dijkstra with probability product instead of distance sum,"Google,Microsoft,Amazon",3,16.7,DFS in place of BFS (or vice versa); Union-Find where only connectivity matters,Cross-company-curated (supplement)
20,New — to learn,Graph / Union-Find / Grid,851,Loud and Rich,Medium,"Graph, DFS",DFS/memoization over the 'richer-than' DAG,"Microsoft,Amazon",2,18.8,DFS in place of BFS (or vice versa); Union-Find where only connectivity matters,Cross-company-curated (supplement)
20,New — to learn,Graph / Union-Find / Grid,1136,Parallel Courses,Medium,"Graph, Topological Sort, BFS",BFS topological sort counting semesters (levels),"Google,Amazon",2,18.8,DFS in place of BFS (or vice versa); Union-Find where only connectivity matters,Cross-company-curated (supplement)
20,New — to learn,Graph / Union-Find / Grid,127,Word Ladder,Hard,"Graph, BFS, Hashing",BFS over word graph (one-letter transformations),"Google,Microsoft,Amazon",3,54.2,DFS in place of BFS (or vice versa); Union-Find where only connectivity matters,Cross-company-curated
20,New — to learn,Graph / Union-Find / Grid,815,Bus Routes,Hard,"Graph, BFS, Hashing",BFS over routes-as-graph (stop→routes map),"Google,Microsoft,Amazon",3,33.3,DFS in place of BFS (or vice versa); Union-Find where only connectivity matters,Cross-company-curated
20,New — to learn,Graph / Union-Find / Grid,126,Word Ladder II,Hard,"Graph, BFS, Backtracking, Hashing","BFS to find shortest layer distances, then backtrack all paths","Google,Microsoft,Amazon",3,33.3,DFS in place of BFS (or vice versa); Union-Find where only connectivity matters,Cross-company-curated
20,New — to learn,Graph / Union-Find / Grid,827,Making A Large Island,Hard,"Graph, DFS/BFS, Union-Find, Matrix","Try filling each 0, DFS/BFS recompute island size (or Union-Find)","Google,Microsoft,Amazon",3,33.3,DFS in place of BFS (or vice versa); Union-Find where only connectivity matters,Cross-company-curated
20,New — to learn,Graph / Union-Find / Grid,269,Alien Dictionary,Hard,"Graph, Topological Sort, String","Build letter-order graph from adjacent word pairs, topological sort","Google,Microsoft,Amazon",3,33.3,DFS in place of BFS (or vice versa); Union-Find where only connectivity matters,Cross-company-curated
20,New — to learn,Graph / Union-Find / Grid,332,Reconstruct Itinerary,Hard,"Graph, DFS, Heap",Eulerian path via DFS with lexicographically-sorted adjacency,"Google,Microsoft,Amazon",3,29.2,DFS in place of BFS (or vice versa); Union-Find where only connectivity matters,Cross-company-curated
20,New — to learn,Graph / Union-Find / Grid,329,Longest Increasing Path in a Matrix,Hard,"Graph, DFS, DP, Matrix",DFS with memoization (longest path in a DAG),"Google,Microsoft,Amazon",3,29.2,DFS in place of BFS (or vice versa); Union-Find where only connectivity matters,Cross-company-curated
20,New — to learn,Graph / Union-Find / Grid,1192,Critical Connections in a Network,Hard,"Graph, DFS",Tarjan's bridge-finding algorithm (discovery/low-link times),"Google,Microsoft,Amazon",3,29.2,DFS in place of BFS (or vice versa); Union-Find where only connectivity matters,Cross-company-curated
20,New — to learn,Graph / Union-Find / Grid,778,Swim in Rising Water,Hard,"Graph, Binary Search, Union-Find, Heap",Binary search on time + BFS/Union-Find feasibility (or Dijkstra-style heap),"Google,Microsoft,Amazon",3,25.0,DFS in place of BFS (or vice versa); Union-Find where only connectivity matters,Cross-company-curated (supplement)
20,New — to learn,Graph / Union-Find / Grid,847,Shortest Path Visiting All Nodes,Hard,"Graph, BFS, Bitmask","BFS over (current node, visited-bitmask) state space","Google,Microsoft,Amazon",3,20.8,DFS in place of BFS (or vice versa); Union-Find where only connectivity matters,Cross-company-curated (supplement)
20,New — to learn,Graph / Union-Find / Grid,2050,Parallel Courses III,Hard,"Graph, Topological Sort, DP",Topological sort + DP tracking max finish time per node,"Google,Microsoft,Amazon",3,16.7,DFS in place of BFS (or vice versa); Union-Find where only connectivity matters,Cross-company-curated (supplement)
20,New — to learn,Graph / Union-Find / Grid,773,Sliding Puzzle,Hard,"Array, BFS, Hashing",BFS over board-state space (each state = a string),"Google,Microsoft,Amazon",3,12.5,DFS in place of BFS (or vice versa); Union-Find where only connectivity matters,Cross-company-curated (supplement)
20,New — to learn,Graph / Union-Find / Grid,305,Number of Islands II,Hard,"Graph, Union-Find",Union-Find with incremental land additions (online connectivity),"Google,Amazon",2,25.0,DFS in place of BFS (or vice versa); Union-Find where only connectivity matters,Cross-company-curated (supplement)
20,New — to learn,Graph / Union-Find / Grid,1494,Parallel Courses II,Hard,"Graph, Bitmask, DP",Bitmask DP over which courses are completed,"Google,Amazon",2,18.8,DFS in place of BFS (or vice versa); Union-Find where only connectivity matters,Cross-company-curated (supplement)
20,New — to learn,Graph / Union-Find / Grid,2382,Maximum Segment Sum After Removals,Hard,"Array, Union-Find",Process removals in reverse + Union-Find merging,Infosys,1,75.0,Ordered set / balanced BST simulation of live segments; Doubly linked list simulation of segments,Infosys-tagged
20,New — to learn,Graph / Union-Find / Grid,2612,Minimum Reverse Operations,Hard,"Array, BFS, Graph, Ordered Set/Fenwick",Multi-source-like BFS where reachable set is pruned via a sorted/Fenwick structure,Infosys,1,75.0,BFS with Fenwick tree marking available positions; Two ordered sets split by parity,Infosys-tagged
20,New — to learn,Graph / Union-Find / Grid,685,Redundant Connection II,Hard,"Graph, Union-Find",Union-Find handling the two-parent-candidate edge case,Google,1,25.0,DFS in place of BFS (or vice versa); Union-Find where only connectivity matters,Cross-company-curated (supplement)
20,New — to learn,Graph / Union-Find / Grid,803,Bricks Falling When Hit,Hard,"Graph, Union-Find","Reverse-order Union-Find (add bricks back, track roof connections)",Google,1,25.0,DFS in place of BFS (or vice versa); Union-Find where only connectivity matters,Cross-company-curated (supplement)
22,New — to learn,Segment Tree / BIT / Advanced,729,My Calendar I,Medium,"Design, Segment Tree/BIT",Brute-force interval overlap check (Segment Tree needed at larger scale),"Google,Microsoft,Amazon",3,20.8,Brute-force O(n^2) recomputation; Fenwick Tree (BIT) as a lighter alternative to a full segment tree,Cross-company-curated (supplement)
22,New — to learn,Segment Tree / BIT / Advanced,308,Range Sum Query 2D - Mutable,Medium,"Array, Segment Tree/BIT, Matrix",2D Binary Indexed Tree (Fenwick Tree),"Google,Amazon",2,18.8,Brute-force O(n^2) recomputation; Fenwick Tree (BIT) as a lighter alternative to a full segment tree,Cross-company-curated (supplement)
22,New — to learn,Segment Tree / BIT / Advanced,731,My Calendar II,Medium,"Design, Segment Tree/BIT",Track single-booked and double-booked intervals separately,"Google,Amazon",2,18.8,Brute-force O(n^2) recomputation; Fenwick Tree (BIT) as a lighter alternative to a full segment tree,Cross-company-curated (supplement)
22,New — to learn,Segment Tree / BIT / Advanced,307,Range Sum Query - Mutable,Medium,"Array, Segment Tree/BIT",Binary Indexed Tree (Fenwick Tree): point update + prefix query,"Google,Microsoft",2,12.5,Brute-force O(n^2) recomputation; Fenwick Tree (BIT) as a lighter alternative to a full segment tree,Cross-company-curated (supplement)
22,New — to learn,Segment Tree / BIT / Advanced,493,Reverse Pairs,Hard,"Array, Merge Sort",Modified merge sort counting cross-pairs during merge,"Google,Microsoft,Amazon",3,41.7,Brute-force O(n^2) recomputation; Fenwick Tree (BIT) as a lighter alternative to a full segment tree,Cross-company-curated
22,New — to learn,Segment Tree / BIT / Advanced,315,Count of Smaller Numbers After Self,Hard,"Array, Merge Sort, Segment Tree / BIT / Advanced",Modified merge sort or BIT counting smaller elements to the right,"Google,Microsoft,Amazon",3,29.2,Brute-force O(n^2) recomputation; Fenwick Tree (BIT) as a lighter alternative to a full segment tree,Cross-company-curated
22,New — to learn,Segment Tree / BIT / Advanced,1206,Design Skiplist,Hard,"Design, Linked List",Multi-level linked list (skiplist) with randomized levels,"Google,Microsoft,Amazon",3,20.8,Brute-force O(n^2) recomputation; Fenwick Tree (BIT) as a lighter alternative to a full segment tree,Cross-company-curated (supplement)
22,New — to learn,Segment Tree / BIT / Advanced,715,Range Module,Hard,"Design, Segment Tree/BIT",Ordered interval list with merge/split (or Segment Tree w/ lazy prop),"Google,Amazon",2,31.2,Brute-force O(n^2) recomputation; Fenwick Tree (BIT) as a lighter alternative to a full segment tree,Cross-company-curated (supplement)
22,New — to learn,Segment Tree / BIT / Advanced,327,Count of Range Sum,Hard,"Array, Merge Sort, Segment Tree/BIT",Modified merge sort counting valid range sums during merge,"Google,Amazon",2,18.8,Brute-force O(n^2) recomputation; Fenwick Tree (BIT) as a lighter alternative to a full segment tree,Cross-company-curated (supplement)
22,New — to learn,Segment Tree / BIT / Advanced,732,My Calendar III,Hard,"Design, Segment Tree/BIT",Sweep line with sorted delta counts (or Segment Tree),Google,1,25.0,Brute-force O(n^2) recomputation; Fenwick Tree (BIT) as a lighter alternative to a full segment tree,Cross-company-curated (supplement)
22,New — to learn,Segment Tree / BIT / Advanced,699,Falling Squares,Hard,"Array, Segment Tree/BIT",Brute-force interval max-height tracking (Segment Tree w/ coord. compression at scale),Amazon,1,12.5,Brute-force O(n^2) recomputation; Fenwick Tree (BIT) as a lighter alternative to a full segment tree,Cross-company-curated (supplement)
22,New — to learn,Segment Tree / BIT / Advanced,850,Rectangle Area II,Hard,"Array, Segment Tree/BIT, Sweep Line",Coordinate compression + sweep line,Google,1,12.5,Brute-force O(n^2) recomputation; Fenwick Tree (BIT) as a lighter alternative to a full segment tree,Cross-company-curated (supplement)
22,New — to learn,Segment Tree / BIT / Advanced,2276,Count Integers in Intervals,Hard,"Design, Segment Tree/BIT",Ordered interval merging (or Segment Tree w/ coordinate compression),Google,1,12.5,Brute-force O(n^2) recomputation; Fenwick Tree (BIT) as a lighter alternative to a full segment tree,Cross-company-curated (supplement)
23,New — to learn,Math / Bit Manipulation,9,Palindrome Number,Easy,Math,Reverse half the number,"Infosys,Google,Microsoft,Amazon",4,75.0,Convert to string and compare; Full reversal with overflow check,Infosys-tagged
23,New — to learn,Math / Bit Manipulation,67,Add Binary,Easy,"String, Math, Bit Manipulation","Manual carry addition, digit by digit from the end","Infosys,Google,Microsoft,Amazon",4,46.9,Convert to integers via built-in big-int support (language-dependent); Bitwise addition using XOR/AND/shift,Infosys-tagged
23,New — to learn,SQL,175,Combine Two Tables,Easy,SQL,LEFT JOIN to keep all rows from the primary table,"Infosys,Google,Microsoft,Amazon",4,46.9,,Infosys-tagged
23,New — to learn,Math / Bit Manipulation,258,Add Digits,Easy,Math,Digital root formula (1 + (n-1) % 9),"Infosys,Google,Microsoft,Amazon",4,40.6,Iterative loop summing digits until single digit; Recursive digit-sum function,Infosys-tagged
23,New — to learn,SQL,1378,Replace Employee ID With The Unique Identifier,Easy,SQL,LEFT JOIN to preserve unmatched rows,"Infosys,Google,Microsoft,Amazon",4,37.5,,Infosys-tagged
23,New — to learn,Math / Bit Manipulation,231,Power of Two,Easy,"Math, Bit Manipulation",Bitwise trick n & (n-1) == 0,"Infosys,Google,Microsoft,Amazon",4,37.5,Iterative division by 2 checking remainder; Check against precomputed max power of two,Infosys-tagged
23,New — to learn,SQL,196,Delete Duplicate Emails,Easy,SQL,Self-join / correlated subquery to find duplicate emails,"Infosys,Google,Microsoft,Amazon",4,28.1,,Infosys-tagged
23,New — to learn,Math / Bit Manipulation,628,Maximum Product of Three Numbers,Easy,"Array, Sorting, Math",Sort then compare max3 vs min2*max1,"Infosys,Google,Microsoft,Amazon",4,21.9,Single pass tracking top-3 and bottom-2 without sorting (O(n)),Infosys-tagged
23,New — to learn,SQL,1757,Recyclable and Low Fat Products,Easy,SQL,WHERE filter query,"Google,Microsoft,Amazon",3,62.5,Window function alternative (RANK/DENSE_RANK) where applicable,Cross-company-curated
23,New — to learn,Math / Bit Manipulation,136,Single Number,Easy,"Math, Bit Manipulation",XOR cancels duplicate pairs,"Google,Microsoft,Amazon",3,58.3,Brute-force loop/simulation instead of the closed-form trick,Cross-company-curated
23,New — to learn,Math / Bit Manipulation,2235,Add Two Integers,Easy,Math,Simple addition,"Google,Microsoft,Amazon",3,50.0,Brute-force loop/simulation instead of the closed-form trick,Cross-company-curated
23,New — to learn,Math / Bit Manipulation,268,Missing Number,Easy,"Math, Array",XOR or sum-formula against expected total,"Google,Microsoft,Amazon",3,50.0,Brute-force loop/simulation instead of the closed-form trick,Cross-company-curated
23,New — to learn,SQL,1148,Article Views I,Easy,SQL,Simple SELECT/SUM query,"Google,Microsoft,Amazon",3,45.8,Window function alternative (RANK/DENSE_RANK) where applicable,Cross-company-curated
23,New — to learn,Math / Bit Manipulation,168,Excel Sheet Column Title,Easy,Math,Base-26 digit conversion,"Google,Microsoft,Amazon",3,41.7,Brute-force loop/simulation instead of the closed-form trick,Cross-company-curated
23,New — to learn,SQL,197,Rising Temperature,Easy,SQL,Self-join comparing consecutive dates,"Google,Microsoft,Amazon",3,41.7,Window function alternative (RANK/DENSE_RANK) where applicable,Cross-company-curated
23,New — to learn,SQL,181,Employees Earning More Than Their Managers,Easy,SQL,Self-join comparing employee to manager salary,"Google,Microsoft,Amazon",3,41.7,Window function alternative (RANK/DENSE_RANK) where applicable,Cross-company-curated
23,New — to learn,SQL,595,Big Countries,Easy,SQL,WHERE filter query,"Google,Microsoft,Amazon",3,41.7,Window function alternative (RANK/DENSE_RANK) where applicable,Cross-company-curated
23,New — to learn,Math / Bit Manipulation,412,Fizz Buzz,Easy,Math,Trivial modulo check,"Google,Microsoft,Amazon",3,41.7,Brute-force loop/simulation instead of the closed-form trick,Cross-company-curated
23,New — to learn,SQL,1251,Average Selling Price,Easy,SQL,GROUP BY aggregate query,"Google,Microsoft,Amazon",3,37.5,Window function alternative (RANK/DENSE_RANK) where applicable,Cross-company-curated
23,New — to learn,Math / Bit Manipulation,1071,Greatest Common Divisor of Strings,Easy,"Math, String, GCD",GCD of lengths + concatenation-order check,"Google,Microsoft,Amazon",3,37.5,Brute-force loop/simulation instead of the closed-form trick,Cross-company-curated
23,New — to learn,SQL,1581,Customer Who Visited but Did Not Make Any Transactions,Easy,SQL,LEFT JOIN with NULL filter,"Google,Microsoft,Amazon",3,37.5,Window function alternative (RANK/DENSE_RANK) where applicable,Cross-company-curated
23,New — to learn,Math / Bit Manipulation,645,Set Mismatch,Easy,"Array, Math",Sum and sum-of-squares difference equations,"Google,Microsoft,Amazon",3,37.5,Brute-force loop/simulation instead of the closed-form trick,Cross-company-curated
23,New — to learn,SQL,1661,Average Time of Process per Machine,Easy,SQL,GROUP BY aggregate with time difference,"Google,Microsoft,Amazon",3,37.5,Window function alternative (RANK/DENSE_RANK) where applicable,Cross-company-curated
23,New — to learn,SQL,584,Find Customer Referee,Easy,SQL,Self-join with COALESCE/IFNULL,"Google,Microsoft,Amazon",3,37.5,Window function alternative (RANK/DENSE_RANK) where applicable,Cross-company-curated
23,New — to learn,SQL,577,Employee Bonus,Easy,SQL,LEFT JOIN with conditional aggregation,"Google,Microsoft,Amazon",3,37.5,Window function alternative (RANK/DENSE_RANK) where applicable,Cross-company-curated
23,New — to learn,Math / Bit Manipulation,7,Reverse Integer,Medium,Math,Digit-by-digit build with overflow check,"Infosys,Google,Microsoft,Amazon",4,59.4,Convert to string and reverse; Use long/wider type then check bounds,Infosys-tagged
23,New — to learn,SQL,176,Second Highest Salary,Medium,SQL,Subquery with OFFSET/LIMIT or MAX excluding max,"Infosys,Google,Microsoft,Amazon",4,50.0,DENSE_RANK() / ROW_NUMBER() window function; Nested subquery with MAX(salary) < MAX(salary),Infosys-tagged
23,New — to learn,Math / Bit Manipulation,50,"Pow(x, n)",Medium,"Math, Recursion",Fast/Binary Exponentiation,"Infosys,Google,Microsoft,Amazon",4,50.0,"Iterative exponentiation by squaring; Naive loop multiply n times (too slow, for contrast)",Infosys-tagged
23,New — to learn,Math / Bit Manipulation,1922,Count Good Numbers,Medium,"Math, Recursion",Binary (fast) exponentiation with modulo,"Infosys,Google,Microsoft,Amazon",4,37.5,"Iterative modular exponentiation; Naive repeated multiplication loop (too slow, for contrast)",Infosys-tagged
23,New — to learn,Math / Bit Manipulation,319,Bulb Switcher,Medium,Math,Perfect-square counting insight (bulb i stays on iff i is a perfect square),"Infosys,Google,Microsoft,Amazon",4,28.1,Brute force simulate every toggle for every bulb (too slow for large n); Sieve-style simulation of toggles,Infosys-tagged
23,New — to learn,Math / Bit Manipulation,204,Count Primes,Medium,Math,Sieve of Eratosthenes,"Google,Microsoft,Amazon",3,50.0,Brute-force loop/simulation instead of the closed-form trick,Cross-company-curated
23,New — to learn,Math / Bit Manipulation,29,Divide Two Integers,Medium,"Math, Bit Manipulation",Repeated doubling (bit-shift subtraction),"Google,Microsoft,Amazon",3,41.7,Brute-force loop/simulation instead of the closed-form trick,Cross-company-curated
23,New — to learn,Math / Bit Manipulation,528,Random Pick with Weight,Medium,"Math, Prefix Sum, Binary Search",Prefix sum of weights + binary search for random point,"Google,Microsoft,Amazon",3,41.7,Brute-force loop/simulation instead of the closed-form trick,Cross-company-curated
23,New — to learn,Math / Bit Manipulation,43,Multiply Strings,Medium,"String, Math",Digit-by-digit multiplication with carry (like manual multiplication),"Google,Microsoft,Amazon",3,37.5,Brute-force loop/simulation instead of the closed-form trick,Cross-company-curated
23,New — to learn,Math / Bit Manipulation,137,Single Number II,Medium,"Math, Bit Manipulation",Bitwise counting mod 3 per bit position,"Google,Microsoft,Amazon",3,37.5,Brute-force loop/simulation instead of the closed-form trick,Cross-company-curated
23,New — to learn,SQL,570,Managers with at Least 5 Direct Reports,Medium,SQL,GROUP BY + HAVING aggregate query,"Google,Microsoft,Amazon",3,37.5,Window function alternative (RANK/DENSE_RANK) where applicable,Cross-company-curated
23,New — to learn,Math / Bit Manipulation,371,Sum of Two Integers,Medium,"Math, Bit Manipulation","Bitwise addition using XOR/AND/carry-shift, no + operator","Google,Microsoft,Amazon",3,33.3,Brute-force loop/simulation instead of the closed-form trick,Cross-company-curated
23,New — to learn,SQL,1193,Monthly Transactions I,Medium,SQL,GROUP BY month aggregate query,"Google,Microsoft,Amazon",3,33.3,Window function alternative (RANK/DENSE_RANK) where applicable,Cross-company-curated
23,New — to learn,Math / Bit Manipulation,3653,XOR After Range Multiplication Queries I,Medium,"Math, Bit Manipulation, Prefix XOR",Per-bit-position contribution counting under range multiplication,"Infosys,Amazon",2,37.5,Brute force simulate each multiplication directly (feasible only for small ranges); Modular exponentiation per query,Infosys-tagged
23,New — to learn,Math / Bit Manipulation,273,Integer to English Words,Hard,"Math, String",Recursive number-to-words construction by magnitude,"Google,Microsoft,Amazon",3,50.0,Brute-force loop/simulation instead of the closed-form trick,Cross-company-curated
23,New — to learn,Math / Bit Manipulation,60,Permutation Sequence,Hard,"Math, Backtracking",Factorial-based digit selection (no full backtracking needed),"Google,Microsoft,Amazon",3,33.3,Brute-force loop/simulation instead of the closed-form trick,Cross-company-curated
23,New — to learn,Math / Bit Manipulation,3655,XOR After Range Multiplication Queries II,Hard,"Math, Bit Manipulation, Modular Exponentiation, Combinatorics",Per-bit contribution counting combined with fast exponentiation for large ranges,"Infosys,Amazon",2,37.5,"Matrix exponentiation on bit-state transitions; Brute force simulation (too slow, contrast with I)",Infosys-tagged
23,New — to learn,Math / Bit Manipulation,1819,Number of Different Subsequences GCDs,Hard,"Math, Number Theory, GCD","Enumerate divisors, reduce subsequence GCDs, check divisibility",Infosys,1,37.5,Brute force subsequence enumeration (too slow); Sieve-based counting of multiples per divisor,Infosys-tagged
99,Skip/Optional,Misc/Low-Priority,2667,Create Hello World Function,Easy,JavaScript basics,"Trivial — not a DSA/algorithm question, skip if time is short","Google,Microsoft,Amazon",3,66.7,Not applicable — non-DSA question,Cross-company-curated
99,Skip/Optional,Misc/Low-Priority,2877,Create a DataFrame from List,Easy,Pandas basics,"Not a DSA/algorithm question, skip if time is short","Google,Microsoft,Amazon",3,41.7,Not applicable — non-DSA question,Cross-company-curated
99,Skip/Optional,Misc/Low-Priority,2620,Counter,Easy,JavaScript closures,"Not a DSA/algorithm question, skip if time is short","Google,Microsoft,Amazon",3,29.2,Not applicable — non-DSA question,Cross-company-curated
